行业代码,行业名称,方向_5天,方向_10天,方向_30天,方向_60天,方向_90天,方向_180天,方向_360天,综合强度分,自身历史分位,上行窗口数,下行窗口数,一致性,斜率均值(未加权),关注榜
801994,教育,UP(+0.0328 | +0.0319),UP(+0.0194 | +0.0163),FLAT(-0.0015 | -0.0001),FLAT(-0.0056 | -0.0024),DOWN(-0.0049 | -0.0045),DOWN(-0.0027 | -0.0021),FLAT(-0.0008 | -0.0003),0.010467986081685157,0.5939951637612505,2,2,方向打架,0.005251882788337923,UP榜
801096,商用车,UP(+0.0248 | +0.0236),UP(+0.0115 | +0.0081),FLAT(-0.0001 | -0.0000),DOWN(-0.0067 | -0.0054),DOWN(-0.0051 | -0.0042),DOWN(-0.0017 | -0.0009),FLAT(+0.0001 | +0.0000),0.006345602946385763,0.6012344970202327,2,3,方向打架,0.0032657218825623,UP榜
801128,休闲食品,UP(+0.0222 | +0.0190),UP(+0.0099 | +0.0056),FLAT(-0.0004 | -0.0000),DOWN(-0.0041 | -0.0034),DOWN(-0.0024 | -0.0017),DOWN(-0.0014 | -0.0010),FLAT(-0.0003 | -0.0000),0.0052198003927864485,0.5969718178756324,2,3,方向打架,0.0033463963789661755,UP榜
801126,非白酒,UP(+0.0182 | +0.0170),UP(+0.0056 | +0.0025),UP(+0.0034 | +0.0025),FLAT(-0.0030 | -0.0009),DOWN(-0.0023 | -0.0016),DOWN(-0.0012 | -0.0008),FLAT(-0.0005 | -0.0003),0.004880311453311951,0.6803345844185084,3,2,方向打架,0.002887410625626865,UP榜
801881,摩托车及其他,UP(+0.0111 | +0.0106),UP(+0.0104 | +0.0087),UP(+0.0025 | +0.0012),FLAT(-0.0020 | -0.0004),FLAT(-0.0016 | -0.0003),DOWN(-0.0009 | -0.0005),UP(+0.0005 | +0.0001),0.0046226517781511,0.6351722040441589,4,1,方向打架,0.0028489524756067234,UP榜
801129,调味发酵品Ⅱ,UP(+0.0165 | +0.0161),UP(+0.0057 | +0.0029),FLAT(+0.0002 | +0.0000),FLAT(-0.0010 | -0.0002),FLAT(-0.0011 | -0.0003),FLAT(-0.0001 | -0.0000),FLAT(-0.0001 | -0.0000),0.004593715476011478,0.6131763030726033,2,0,一致偏上行(有间断),0.0028664197462017096,UP榜
801095,乘用车,UP(+0.0165 | +0.0156),UP(+0.0064 | +0.0036),UP(+0.0038 | +0.0024),FLAT(-0.0032 | -0.0009),DOWN(-0.0036 | -0.0030),DOWN(-0.0017 | -0.0014),FLAT(-0.0011 | -0.0009),0.004537999009346513,0.6993222574198237,3,2,方向打架,0.0024496065695878686,UP榜
801203,一般零售,UP(+0.0174 | +0.0161),UP(+0.0081 | +0.0051),FLAT(+0.0008 | +0.0001),DOWN(-0.0038 | -0.0029),DOWN(-0.0029 | -0.0023),DOWN(-0.0023 | -0.0020),FLAT(-0.0005 | -0.0001),0.004323547674094023,0.6459228795484483,2,3,方向打架,0.0024013445156538765,UP榜
801111,白色家电,UP(+0.0128 | +0.0108),UP(+0.0057 | +0.0040),UP(+0.0046 | +0.0041),FLAT(+0.0005 | +0.0000),UP(+0.0007 | +0.0002),FLAT(-0.0003 | -0.0000),FLAT(-0.0001 | -0.0000),0.004316389712799478,0.8348430504657134,4,0,一致偏上行(有间断),0.003422969658581662,UP榜
801219,酒店餐饮,UP(+0.0148 | +0.0142),UP(+0.0100 | +0.0069),FLAT(+0.0010 | +0.0001),FLAT(-0.0039 | -0.0014),DOWN(-0.0048 | -0.0043),DOWN(-0.0020 | -0.0012),FLAT(-0.0003 | -0.0000),0.004312597323646475,0.6474586232859194,2,2,方向打架,0.0021395738384072573,UP榜
801113,小家电,UP(+0.0179 | +0.0158),UP(+0.0085 | +0.0047),FLAT(+0.0012 | +0.0002),DOWN(-0.0045 | -0.0032),DOWN(-0.0027 | -0.0018),DOWN(-0.0021 | -0.0019),FLAT(-0.0006 | -0.0002),0.0042120990012991045,0.6190115121406806,2,3,方向打架,0.0025348993508053745,UP榜
801764,游戏Ⅱ,UP(+0.0223 | +0.0183),FLAT(+0.0008 | +0.0000),FLAT(-0.0017 | -0.0002),DOWN(-0.0031 | -0.0019),DOWN(-0.0030 | -0.0024),DOWN(-0.0018 | -0.0010),FLAT(+0.0007 | +0.0001),0.003950326159324278,0.5039594416490524,1,3,方向打架,0.00203104612781022,UP榜
801765,广告营销,UP(+0.0244 | +0.0172),UP(+0.0082 | +0.0031),FLAT(-0.0034 | -0.0007),DOWN(-0.0060 | -0.0053),DOWN(-0.0034 | -0.0022),DOWN(-0.0011 | -0.0002),FLAT(+0.0005 | +0.0000),0.0038235709324719275,0.5321836797065266,2,3,方向打架,0.0027469158420343107,UP榜
801133,饰品,UP(+0.0129 | +0.0129),UP(+0.0075 | +0.0059),FLAT(-0.0001 | -0.0000),DOWN(-0.0031 | -0.0023),DOWN(-0.0029 | -0.0025),DOWN(-0.0015 | -0.0009),FLAT(-0.0002 | -0.0000),0.003813831443052425,0.6032844980461627,2,3,方向打架,0.0018041880215274209,UP榜
801204,专业连锁Ⅱ,UP(+0.0186 | +0.0176),UP(+0.0052 | +0.0016),FLAT(+0.0009 | +0.0000),DOWN(-0.0057 | -0.0045),DOWN(-0.0039 | -0.0028),DOWN(-0.0019 | -0.0013),FLAT(-0.0009 | -0.0006),0.0037096173991303487,0.6403131888064876,2,3,方向打架,0.0017574270659490557,UP榜
801769,出版,UP(+0.0186 | +0.0159),UP(+0.0059 | +0.0021),FLAT(-0.0007 | -0.0000),DOWN(-0.0042 | -0.0034),DOWN(-0.0029 | -0.0022),DOWN(-0.0012 | -0.0006),FLAT(-0.0003 | -0.0001),0.003662003078729764,0.5718507906957395,2,3,方向打架,0.0021783669128410425,UP榜
801125,白酒Ⅱ,UP(+0.0147 | +0.0127),UP(+0.0041 | +0.0014),UP(+0.0038 | +0.0024),FLAT(-0.0017 | -0.0003),DOWN(-0.0027 | -0.0020),DOWN(-0.0017 | -0.0015),FLAT(-0.0009 | -0.0007),0.0035296652238428314,0.6984504528658946,3,2,方向打架,0.002250523888342569,UP榜
801767,数字媒体,UP(+0.0209 | +0.0175),UP(+0.0049 | +0.0010),FLAT(-0.0042 | -0.0012),DOWN(-0.0048 | -0.0043),DOWN(-0.0027 | -0.0019),DOWN(-0.0015 | -0.0006),FLAT(-0.0002 | -0.0000),0.003490963553413951,0.5031663971317707,2,3,方向打架,0.0017764570274838346,UP榜
801202,贸易Ⅱ,UP(+0.0126 | +0.0117),UP(+0.0091 | +0.0075),FLAT(-0.0036 | -0.0009),DOWN(-0.0056 | -0.0051),DOWN(-0.0030 | -0.0021),FLAT(-0.0009 | -0.0003),FLAT(+0.0005 | +0.0001),0.0033834633962597166,0.5320842181047578,2,2,方向打架,0.001312458329503084,UP榜
801992,航运港口,UP(+0.0091 | +0.0088),UP(+0.0067 | +0.0060),FLAT(+0.0000 | +0.0000),FLAT(-0.0017 | -0.0004),DOWN(-0.0017 | -0.0012),FLAT(+0.0005 | +0.0001),UP(+0.0007 | +0.0005),0.003337864171256493,0.5507556701281834,3,1,方向打架,0.001951263332434981,UP榜
801127,饮料乳品,UP(+0.0144 | +0.0105),UP(+0.0045 | +0.0019),UP(+0.0030 | +0.0024),FLAT(-0.0017 | -0.0003),FLAT(-0.0008 | -0.0001),DOWN(-0.0011 | -0.0009),FLAT(-0.0004 | -0.0001),0.003333035347613495,0.6957915234900763,3,1,方向打架,0.00255694417922642,UP榜
801995,电视广播Ⅱ,UP(+0.0127 | +0.0124),UP(+0.0068 | +0.0047),FLAT(-0.0008 | -0.0000),DOWN(-0.0051 | -0.0042),DOWN(-0.0034 | -0.0026),DOWN(-0.0017 | -0.0010),FLAT(+0.0002 | +0.0000),0.003158337633645731,0.5549854300103301,2,3,方向打架,0.0012535798974377984,UP榜
801018,动物保健Ⅱ,UP(+0.0156 | +0.0130),FLAT(+0.0028 | +0.0004),FLAT(-0.0006 | -0.0000),FLAT(-0.0019 | -0.0003),DOWN(-0.0025 | -0.0017),FLAT(-0.0012 | -0.0006),FLAT(+0.0007 | +0.0001),0.0030850155595629537,0.5209995426737194,1,1,方向打架,0.0018380449322763345,UP榜
801785,农商行Ⅱ,UP(+0.0115 | +0.0095),UP(+0.0040 | +0.0019),UP(+0.0027 | +0.0016),FLAT(-0.0009 | -0.0001),FLAT(-0.0012 | -0.0004),DOWN(-0.0005 | -0.0002),FLAT(-0.0000 | -0.0000),0.0029729426754815736,0.6852662021958621,3,1,方向打架,0.0022207196926328503,UP榜
801981,个护用品,UP(+0.0127 | +0.0119),UP(+0.0048 | +0.0018),UP(+0.0014 | +0.0005),FLAT(-0.0028 | -0.0007),DOWN(-0.0037 | -0.0030),DOWN(-0.0019 | -0.0014),FLAT(-0.0005 | -0.0001),0.0029038983969524473,0.6258249718075831,3,2,方向打架,0.0014196162592712278,UP榜
801053,贵金属,UP(+0.0121 | +0.0080),UP(+0.0107 | +0.0053),UP(+0.0038 | +0.0012),FLAT(-0.0043 | -0.0011),DOWN(-0.0048 | -0.0037),FLAT(-0.0006 | -0.0000),UP(+0.0016 | +0.0008),0.0028417763386491693,0.5709682575023008,4,1,方向打架,0.0026478615293311575,UP榜
801077,工程机械,UP(+0.0099 | +0.0085),UP(+0.0054 | +0.0039),FLAT(+0.0008 | +0.0001),FLAT(-0.0020 | -0.0006),FLAT(-0.0010 | -0.0004),FLAT(-0.0007 | -0.0002),UP(+0.0005 | +0.0002),0.0028381468954465938,0.6241531130456123,3,0,一致偏上行(有间断),0.0018458989224733491,UP榜
801114,厨卫电器,UP(+0.0144 | +0.0122),UP(+0.0071 | +0.0038),FLAT(-0.0002 | -0.0000),DOWN(-0.0045 | -0.0035),DOWN(-0.0042 | -0.0038),DOWN(-0.0020 | -0.0015),FLAT(-0.0008 | -0.0005),0.0028179378667203695,0.6193651111370065,2,3,方向打架,0.0014192145943777413,UP榜
801962,油服工程,UP(+0.0132 | +0.0118),UP(+0.0030 | +0.0004),UP(+0.0033 | +0.0014),FLAT(-0.0041 | -0.0012),DOWN(-0.0048 | -0.0042),FLAT(-0.0001 | -0.0000),UP(+0.0009 | +0.0003),0.0027034598876691384,0.5926371166009152,4,1,方向打架,0.0016490465035002527,UP榜
801993,旅游及景区,UP(+0.0107 | +0.0104),UP(+0.0065 | +0.0045),FLAT(-0.0003 | -0.0000),DOWN(-0.0034 | -0.0028),DOWN(-0.0036 | -0.0033),DOWN(-0.0022 | -0.0018),FLAT(-0.0004 | -0.0001),0.0026764173603239265,0.5920197747247643,2,3,方向打架,0.0010461881398012767,UP榜
801104,软件开发,UP(+0.0181 | +0.0139),FLAT(+0.0033 | +0.0004),FLAT(-0.0030 | -0.0007),DOWN(-0.0044 | -0.0038),DOWN(-0.0026 | -0.0019),DOWN(-0.0017 | -0.0011),FLAT(-0.0002 | -0.0000),0.0025985033342849676,0.5097188900112476,1,3,方向打架,0.0013536354275888486,UP榜
801012,农产品加工,UP(+0.0097 | +0.0090),UP(+0.0062 | +0.0047),FLAT(+0.0007 | +0.0001),DOWN(-0.0035 | -0.0026),DOWN(-0.0027 | -0.0022),DOWN(-0.0013 | -0.0009),FLAT(+0.0003 | +0.0000),0.0025900025611471675,0.5703253682804618,2,3,方向打架,0.0013434970362397717,UP榜
801045,特钢Ⅱ,UP(+0.0093 | +0.0074),UP(+0.0083 | +0.0072),FLAT(-0.0023 | -0.0003),DOWN(-0.0038 | -0.0029),DOWN(-0.0036 | -0.0032),DOWN(-0.0012 | -0.0004),FLAT(+0.0004 | +0.0000),0.0025680189956726216,0.5475374591688916,2,3,方向打架,0.001000483637587059,UP榜
801711,水泥,UP(+0.0126 | +0.0111),UP(+0.0049 | +0.0028),FLAT(-0.0002 | -0.0000),DOWN(-0.0036 | -0.0030),DOWN(-0.0035 | -0.0032),DOWN(-0.0018 | -0.0013),FLAT(-0.0000 | -0.0000),0.002529310271575256,0.6062714722266597,2,3,方向打架,0.001197420609515252,UP榜
801783,股份制银行Ⅱ,UP(+0.0079 | +0.0055),UP(+0.0051 | +0.0039),UP(+0.0031 | +0.0021),FLAT(+0.0000 | +0.0000),FLAT(-0.0007 | -0.0001),DOWN(-0.0009 | -0.0007),FLAT(-0.0005 | -0.0003),0.002508115941647708,0.810220115745898,3,1,方向打架,0.002001426485105987,UP榜
801178,物流,UP(+0.0080 | +0.0075),UP(+0.0046 | +0.0032),UP(+0.0019 | +0.0010),FLAT(-0.0022 | -0.0006),DOWN(-0.0021 | -0.0015),DOWN(-0.0010 | -0.0006),FLAT(-0.0002 | -0.0000),0.0024520765143551623,0.6862146971148351,3,2,方向打架,0.0013141726406519433,UP榜
801015,渔业,UP(+0.0110 | +0.0105),UP(+0.0052 | +0.0025),FLAT(+0.0017 | +0.0005),DOWN(-0.0038 | -0.0026),DOWN(-0.0036 | -0.0031),DOWN(-0.0023 | -0.0018),FLAT(-0.0000 | -0.0000),0.0024184164697888776,0.5856229478886348,2,3,方向打架,0.0011734430613137199,UP榜
801016,种植业,UP(+0.0105 | +0.0100),UP(+0.0062 | +0.0046),FLAT(-0.0010 | -0.0000),DOWN(-0.0057 | -0.0048),DOWN(-0.0045 | -0.0039),DOWN(-0.0012 | -0.0004),FLAT(+0.0002 | +0.0000),0.002353384489690712,0.5248514306392643,2,3,方向打架,0.0006486869215456099,UP榜
801784,城商行Ⅱ,UP(+0.0079 | +0.0062),UP(+0.0038 | +0.0024),UP(+0.0022 | +0.0014),FLAT(-0.0002 | -0.0000),FLAT(-0.0002 | -0.0000),FLAT(+0.0001 | +0.0000),UP(+0.0001 | +0.0000),0.0023229646800173166,0.7182621077140177,4,0,一致偏上行(有间断),0.0019415696218703091,UP榜
801744,航海装备Ⅱ,UP(+0.0093 | +0.0068),UP(+0.0054 | +0.0042),FLAT(-0.0022 | -0.0002),DOWN(-0.0030 | -0.0019),FLAT(-0.0002 | -0.0000),FLAT(+0.0003 | +0.0000),UP(+0.0005 | +0.0002),0.0022856991254764196,0.5115581125091956,3,1,方向打架,0.0014458518332827672,UP榜
801782,国有大型银行Ⅱ,UP(+0.0074 | +0.0038),UP(+0.0062 | +0.0044),UP(+0.0033 | +0.0021),FLAT(+0.0005 | +0.0000),FLAT(+0.0001 | +0.0000),FLAT(-0.0005 | -0.0001),UP(+0.0002 | +0.0000),0.0022642416079270357,0.7307523387112269,4,0,一致偏上行(有间断),0.0024646483648775768,UP榜
801191,多元金融,UP(+0.0107 | +0.0099),UP(+0.0038 | +0.0015),FLAT(-0.0007 | -0.0000),DOWN(-0.0033 | -0.0025),DOWN(-0.0024 | -0.0018),DOWN(-0.0009 | -0.0004),FLAT(+0.0000 | +0.0000),0.0022232251088557453,0.5459984045447356,2,3,方向打架,0.0010451694845056488,UP榜
801982,化妆品,UP(+0.0070 | +0.0065),UP(+0.0074 | +0.0054),FLAT(+0.0004 | +0.0000),DOWN(-0.0032 | -0.0024),DOWN(-0.0020 | -0.0014),DOWN(-0.0015 | -0.0012),FLAT(-0.0005 | -0.0002),0.0022138790544216835,0.5901134908104083,2,3,方向打架,0.0010830410216078215,UP榜
801038,农化制品,UP(+0.0077 | +0.0060),UP(+0.0086 | +0.0066),FLAT(-0.0021 | -0.0002),DOWN(-0.0036 | -0.0025),DOWN(-0.0036 | -0.0031),FLAT(-0.0004 | -0.0000),UP(+0.0014 | +0.0008),0.002201215157036783,0.509751283643853,3,2,方向打架,0.0011267699414377285,UP榜
801014,饲料,UP(+0.0093 | +0.0090),FLAT(+0.0011 | +0.0001),UP(+0.0027 | +0.0015),FLAT(-0.0016 | -0.0002),DOWN(-0.0025 | -0.0019),DOWN(-0.0020 | -0.0017),FLAT(-0.0006 | -0.0002),0.0021674302388933987,0.6220247574745723,2,2,方向打架,0.0009282649163124683,UP榜
801044,普钢,UP(+0.0099 | +0.0087),UP(+0.0043 | +0.0026),FLAT(+0.0008 | +0.0001),DOWN(-0.0033 | -0.0023),DOWN(-0.0033 | -0.0028),DOWN(-0.0015 | -0.0009),FLAT(+0.0001 | +0.0000),0.002048703659783253,0.5855284166961187,2,3,方向打架,0.0009894110905313543,UP榜
801991,航空机场,UP(+0.0074 | +0.0073),UP(+0.0041 | +0.0029),FLAT(-0.0011 | -0.0001),DOWN(-0.0024 | -0.0018),DOWN(-0.0018 | -0.0014),DOWN(-0.0022 | -0.0018),FLAT(-0.0002 | -0.0000),0.0018848851822801539,0.5949759232367935,2,3,方向打架,0.0005467822360171233,UP榜
801963,炼化及贸易,UP(+0.0073 | +0.0062),UP(+0.0030 | +0.0012),UP(+0.0024 | +0.0011),FLAT(-0.0019 | -0.0004),DOWN(-0.0021 | -0.0014),FLAT(+0.0000 | +0.0000),UP(+0.0008 | +0.0004),0.0017963888927682817,0.5569531272273067,4,1,方向打架,0.001354751375354985,UP榜
801055,工业金属,UP(+0.0069 | +0.0048),UP(+0.0071 | +0.0033),FLAT(+0.0010 | +0.0000),FLAT(-0.0031 | -0.0008),FLAT(-0.0020 | -0.0010),FLAT(-0.0002 | -0.0000),UP(+0.0022 | +0.0015),0.0017477352673176036,0.485123171508819,3,0,一致偏上行(有间断),0.0016923146452451309,UP榜
801092,汽车服务,FLAT(+0.0035 | +0.0004),UP(+0.0132 | +0.0108),FLAT(-0.0029 | -0.0005),DOWN(-0.0039 | -0.0034),DOWN(-0.0019 | -0.0011),DOWN(-0.0010 | -0.0005),FLAT(-0.0001 | -0.0000),0.0016801215778633348,0.4701593763464259,1,3,方向打架,0.0009716442010850445,UP榜
801076,轨交设备Ⅱ,UP(+0.0082 | +0.0061),UP(+0.0040 | +0.0023),FLAT(-0.0009 | -0.0001),DOWN(-0.0019 | -0.0014),DOWN(-0.0013 | -0.0009),DOWN(-0.0009 | -0.0007),FLAT(-0.0001 | -0.0000),0.0016518624190733726,0.5430998422687561,2,3,方向打架,0.0009930979155941039,UP榜
801194,保险Ⅱ,UP(+0.0067 | +0.0043),FLAT(+0.0024 | +0.0008),UP(+0.0040 | +0.0027),FLAT(-0.0011 | -0.0001),FLAT(-0.0017 | -0.0005),DOWN(-0.0015 | -0.0008),FLAT(+0.0002 | +0.0000),0.0016134678325150232,0.6341494351529279,2,1,方向打架,0.0012912362995678866,UP榜
801179,铁路公路,UP(+0.0058 | +0.0040),UP(+0.0032 | +0.0021),UP(+0.0023 | +0.0015),FLAT(-0.0015 | -0.0004),DOWN(-0.0011 | -0.0006),DOWN(-0.0007 | -0.0005),FLAT(-0.0006 | -0.0005),0.0015448026633838392,0.695021162545958,3,2,方向打架,0.0010480289867694414,UP榜
801124,食品加工,UP(+0.0079 | +0.0069),UP(+0.0029 | +0.0011),UP(+0.0007 | +0.0001),DOWN(-0.0024 | -0.0016),DOWN(-0.0021 | -0.0015),DOWN(-0.0009 | -0.0006),FLAT(-0.0001 | -0.0000),0.0015376101661929088,0.623039245455054,3,3,方向打架,0.000868429714902411,UP榜
801183,房地产服务,UP(+0.0072 | +0.0057),UP(+0.0075 | +0.0060),FLAT(-0.0007 | -0.0000),DOWN(-0.0061 | -0.0051),DOWN(-0.0043 | -0.0035),DOWN(-0.0017 | -0.0011),FLAT(-0.0004 | -0.0001),0.001501347874606035,0.519999551994703,2,3,方向打架,0.0001833004329831279,UP榜
801131,纺织制造,UP(+0.0036 | +0.0020),UP(+0.0086 | +0.0072),FLAT(-0.0012 | -0.0001),DOWN(-0.0032 | -0.0022),DOWN(-0.0023 | -0.0016),DOWN(-0.0010 | -0.0006),FLAT(+0.0002 | +0.0000),0.0014802954352266197,0.4901978284939535,2,3,方向打架,0.0006769790661342723,UP榜
801951,煤炭开采,UP(+0.0047 | +0.0036),FLAT(-0.0013 | -0.0001),UP(+0.0041 | +0.0028),FLAT(-0.0009 | -0.0000),FLAT(-0.0006 | -0.0000),FLAT(+0.0008 | +0.0003),FLAT(+0.0008 | +0.0006),0.0014177705483624677,0.44915964417088566,2,0,一致偏上行(有间断),0.0010826518731844887,UP榜
801155,中药Ⅱ,UP(+0.0047 | +0.0040),FLAT(+0.0004 | +0.0000),UP(+0.0039 | +0.0027),FLAT(-0.0007 | -0.0000),FLAT(-0.0016 | -0.0004),DOWN(-0.0012 | -0.0009),FLAT(-0.0003 | -0.0001),0.0013530875521838488,0.6299860679608491,2,1,方向打架,0.0007287697035020653,UP榜
801154,医药商业,UP(+0.0055 | +0.0052),FLAT(+0.0021 | +0.0005),UP(+0.0025 | +0.0011),FLAT(-0.0022 | -0.0005),DOWN(-0.0026 | -0.0019),DOWN(-0.0014 | -0.0010),FLAT(-0.0002 | -0.0000),0.0012464908045159318,0.6006622646906761,2,2,方向打架,0.0005449196077811809,UP榜
801143,造纸,UP(+0.0051 | +0.0042),UP(+0.0049 | +0.0042),FLAT(-0.0000 | -0.0000),DOWN(-0.0040 | -0.0033),DOWN(-0.0029 | -0.0022),DOWN(-0.0010 | -0.0005),FLAT(+0.0003 | +0.0000),0.0011975561619070331,0.5151513763892605,2,3,方向打架,0.0003377128166998835,UP榜
801132,服装家纺,UP(+0.0072 | +0.0062),UP(+0.0051 | +0.0023),DOWN(-0.0049 | -0.0032),DOWN(-0.0034 | -0.0028),DOWN(-0.0015 | -0.0007),FLAT(-0.0004 | -0.0001),FLAT(+0.0004 | +0.0001),0.001000697894355534,0.4681737022320657,2,3,方向打架,0.00035047974963662887,UP榜
801017,养殖业,UP(+0.0043 | +0.0027),FLAT(-0.0008 | -0.0000),UP(+0.0045 | +0.0029),FLAT(-0.0014 | -0.0001),DOWN(-0.0026 | -0.0015),DOWN(-0.0016 | -0.0012),FLAT(-0.0002 | -0.0000),0.0009334726353587652,0.5240620580249277,2,2,方向打架,0.0003206516790486787,UP榜
801181,房地产开发,UP(+0.0067 | +0.0056),UP(+0.0030 | +0.0013),DOWN(-0.0020 | -0.0010),DOWN(-0.0040 | -0.0035),DOWN(-0.0019 | -0.0010),DOWN(-0.0013 | -0.0010),FLAT(-0.0001 | -0.0000),0.0008132149909424542,0.47638247214963336,2,4,方向打架,7.443219773393672e-05,UP榜
801153,医疗器械,UP(+0.0061 | +0.0046),FLAT(+0.0009 | +0.0000),FLAT(+0.0002 | +0.0000),DOWN(-0.0026 | -0.0019),DOWN(-0.0020 | -0.0015),DOWN(-0.0011 | -0.0007),FLAT(-0.0001 | -0.0000),0.0006633999374954311,0.5355109543219697,1,3,方向打架,0.000200611966144624,UP榜
801721,房屋建设Ⅱ,UP(+0.0045 | +0.0042),UP(+0.0019 | +0.0010),FLAT(+0.0002 | +0.0000),DOWN(-0.0031 | -0.0025),DOWN(-0.0023 | -0.0020),DOWN(-0.0011 | -0.0008),FLAT(-0.0005 | -0.0003),0.0006523812385476111,0.5643331746339906,2,3,方向打架,-6.305634497199265e-05,UP榜
801723,基础建设,UP(+0.0058 | +0.0048),UP(+0.0019 | +0.0006),FLAT(-0.0005 | -0.0000),DOWN(-0.0038 | -0.0031),DOWN(-0.0028 | -0.0024),FLAT(-0.0006 | -0.0001),FLAT(+0.0003 | +0.0000),0.0006222459342010015,0.4984742506637951,2,2,方向打架,3.6720624030695655e-05,UP榜
801142,家居用品,UP(+0.0072 | +0.0051),UP(+0.0053 | +0.0036),DOWN(-0.0039 | -0.0027),DOWN(-0.0050 | -0.0047),DOWN(-0.0030 | -0.0025),DOWN(-0.0013 | -0.0007),FLAT(+0.0003 | +0.0000),0.0005837789963757724,0.4976205755630994,2,4,方向打架,-4.9487227674329506e-05,UP榜
801766,影视院线,UP(+0.0108 | +0.0057),FLAT(+0.0003 | +0.0000),FLAT(-0.0014 | -0.0001),DOWN(-0.0048 | -0.0040),DOWN(-0.0030 | -0.0022),DOWN(-0.0020 | -0.0012),FLAT(-0.0004 | -0.0001),0.0005196636653861308,0.4676528604122245,1,3,方向打架,-8.459812969796383e-05,UP榜
801156,医疗服务,FLAT(-0.0004 | -0.0000),FLAT(-0.0012 | -0.0001),UP(+0.0031 | +0.0013),UP(+0.0023 | +0.0007),FLAT(+0.0007 | +0.0001),FLAT(+0.0002 | +0.0000),FLAT(+0.0008 | +0.0004),0.00032938139212763663,0.497206870181954,2,0,一致偏上行(有间断),0.000782657732246376,UP榜
801743,地面兵装Ⅱ,FLAT(+0.0010 | +0.0000),UP(+0.0134 | +0.0105),DOWN(-0.0075 | -0.0047),DOWN(-0.0057 | -0.0050),DOWN(-0.0037 | -0.0030),DOWN(-0.0017 | -0.0009),FLAT(+0.0006 | +0.0000),0.00031839485608119655,0.3960156690654027,1,4,方向打架,-0.000507032963613567,UP榜
801726,工程咨询服务Ⅱ,FLAT(+0.0031 | +0.0002),UP(+0.0089 | +0.0060),DOWN(-0.0084 | -0.0058),DOWN(-0.0018 | -0.0004),FLAT(-0.0002 | -0.0000),DOWN(-0.0002 | -0.0000),FLAT(+0.0005 | +0.0001),0.0002492522790123953,0.4356014691197299,1,3,方向打架,0.0002747742882182431,UP榜
801952,焦炭Ⅱ,UP(+0.0048 | +0.0029),UP(+0.0037 | +0.0016),FLAT(+0.0003 | +0.0000),DOWN(-0.0045 | -0.0031),DOWN(-0.0044 | -0.0039),DOWN(-0.0021 | -0.0013),FLAT(+0.0003 | +0.0000),0.00011692730563175015,0.47898381929032174,2,3,方向打架,-0.00026582641682733685,UP榜
801161,电力,UP(+0.0024 | +0.0015),FLAT(-0.0009 | -0.0001),FLAT(-0.0003 | -0.0000),DOWN(-0.0028 | -0.0019),DOWN(-0.0009 | -0.0002),FLAT(+0.0003 | +0.0000),UP(+0.0004 | +0.0002),8.810307552554177e-05,0.3816683270354234,2,2,方向打架,-0.0002580159889752116,UP榜
801961,油气开采Ⅱ,FLAT(+0.0012 | +0.0000),FLAT(+0.0014 | +0.0001),FLAT(+0.0008 | +0.0001),FLAT(-0.0009 | -0.0002),FLAT(+0.0011 | +0.0003),N/A,N/A,6.107884489182075e-05,0.380753651236838,0,0,无趋势,0.000742147226866479,UP榜
801102,通信设备,DOWN(-0.0406 | -0.0268),DOWN(-0.0242 | -0.0176),DOWN(-0.0154 | -0.0140),FLAT(-0.0018 | -0.0001),FLAT(+0.0037 | +0.0006),FLAT(+0.0045 | +0.0017),UP(+0.0044 | +0.0039),-0.012656926320332855,0.15216082597655559,1,3,方向打架,-0.009908552131325564,DOWN榜
801039,非金属材料Ⅱ,DOWN(-0.0297 | -0.0247),DOWN(-0.0110 | -0.0054),DOWN(-0.0253 | -0.0243),DOWN(-0.0038 | -0.0006),FLAT(+0.0023 | +0.0001),FLAT(+0.0032 | +0.0009),FLAT(+0.0022 | +0.0008),-0.011645354550232903,0.19762243849623035,0,4,一致偏下行(有间断),-0.008860453942801185,DOWN榜
801083,元件,DOWN(-0.0377 | -0.0263),DOWN(-0.0174 | -0.0109),DOWN(-0.0170 | -0.0158),FLAT(-0.0004 | -0.0000),FLAT(+0.0057 | +0.0013),UP(+0.0048 | +0.0035),UP(+0.0039 | +0.0032),-0.011218722230616835,0.20211380667525788,2,3,方向打架,-0.008294642093580867,DOWN榜
801081,半导体,DOWN(-0.0356 | -0.0283),DOWN(-0.0165 | -0.0090),DOWN(-0.0126 | -0.0091),FLAT(+0.0018 | +0.0001),FLAT(+0.0059 | +0.0018),UP(+0.0037 | +0.0026),UP(+0.0027 | +0.0021),-0.010165779868507559,0.2751749431552211,2,3,方向打架,-0.007245937991531338,DOWN榜
801086,电子化学品Ⅱ,DOWN(-0.0320 | -0.0259),DOWN(-0.0085 | -0.0023),DOWN(-0.0190 | -0.0160),FLAT(+0.0010 | +0.0000),FLAT(+0.0053 | +0.0012),UP(+0.0043 | +0.0031),UP(+0.0031 | +0.0024),-0.009375075676542968,0.2783991769267319,2,3,方向打架,-0.006550394168393506,DOWN榜
801011,林业Ⅱ,DOWN(-0.0133 | -0.0115),DOWN(-0.0188 | -0.0155),DOWN(-0.0089 | -0.0068),DOWN(-0.0041 | -0.0026),FLAT(-0.0025 | -0.0011),N/A,N/A,-0.008837635266863842,0.21005705247175244,0,4,一致偏下行(有间断),-0.009502560225719586,DOWN榜
801082,其他电子Ⅱ,DOWN(-0.0202 | -0.0127),DOWN(-0.0080 | -0.0031),DOWN(-0.0197 | -0.0184),DOWN(-0.0030 | -0.0005),FLAT(+0.0016 | +0.0001),FLAT(+0.0014 | +0.0002),UP(+0.0021 | +0.0017),-0.007102315873904187,0.1544220596755514,1,4,方向打架,-0.006530339597733921,DOWN榜
801712,玻璃玻纤,DOWN(-0.0210 | -0.0135),DOWN(-0.0074 | -0.0023),DOWN(-0.0235 | -0.0205),FLAT(+0.0011 | +0.0000),FLAT(+0.0059 | +0.0011),UP(+0.0058 | +0.0043),UP(+0.0039 | +0.0029),-0.006992316951309663,0.28533470982149656,2,3,方向打架,-0.005041009167908677,DOWN榜
801084,光学光电子,DOWN(-0.0181 | -0.0125),DOWN(-0.0078 | -0.0035),DOWN(-0.0158 | -0.0134),DOWN(-0.0017 | -0.0001),FLAT(+0.0019 | +0.0002),FLAT(+0.0016 | +0.0004),FLAT(+0.0011 | +0.0003),-0.006254865433767569,0.21527582242268004,0,4,一致偏下行(有间断),-0.005562201486844124,DOWN榜
801733,其他电源设备Ⅱ,DOWN(-0.0183 | -0.0113),DOWN(-0.0065 | -0.0021),DOWN(-0.0129 | -0.0122),DOWN(-0.0052 | -0.0037),FLAT(-0.0009 | -0.0001),FLAT(+0.0010 | +0.0001),FLAT(+0.0017 | +0.0007),-0.005950289021050828,0.12308372396360125,0,4,一致偏下行(有间断),-0.005869790436667172,DOWN榜
801072,通用设备,DOWN(-0.0197 | -0.0125),DOWN(-0.0067 | -0.0024),DOWN(-0.0133 | -0.0120),DOWN(-0.0031 | -0.0010),FLAT(+0.0006 | +0.0000),FLAT(+0.0014 | +0.0003),UP(+0.0017 | +0.0014),-0.005853112454691565,0.11524926440580659,1,4,方向打架,-0.00559134364901238,DOWN榜
801085,消费电子,DOWN(-0.0196 | -0.0136),DOWN(-0.0046 | -0.0008),DOWN(-0.0112 | -0.0102),DOWN(-0.0037 | -0.0021),FLAT(+0.0012 | +0.0001),FLAT(+0.0011 | +0.0002),UP(+0.0018 | +0.0013),-0.005647594876334179,0.21567118543566327,1,4,方向打架,-0.004997600293744649,DOWN榜
801019,农业综合Ⅱ,DOWN(-0.0094 | -0.0077),DOWN(-0.0088 | -0.0067),DOWN(-0.0072 | -0.0066),DOWN(-0.0019 | -0.0007),FLAT(-0.0003 | -0.0000),N/A,N/A,-0.005204593492457955,0.29136201959878205,0,4,一致偏下行(有间断),-0.005504289679364385,DOWN榜
801735,光伏设备,DOWN(-0.0098 | -0.0075),FLAT(+0.0006 | +0.0000),DOWN(-0.0120 | -0.0104),DOWN(-0.0070 | -0.0061),DOWN(-0.0033 | -0.0019),FLAT(-0.0009 | -0.0002),FLAT(+0.0013 | +0.0003),-0.004810553187617998,0.21605207486790132,0,4,一致偏下行(有间断),-0.004425184282466133,DOWN榜
801037,橡胶,DOWN(-0.0139 | -0.0096),DOWN(-0.0041 | -0.0013),DOWN(-0.0128 | -0.0105),DOWN(-0.0033 | -0.0012),DOWN(-0.0010 | -0.0001),FLAT(-0.0001 | -0.0000),FLAT(+0.0006 | +0.0002),-0.00473555187104859,0.129702777888499,0,5,一致偏下行(有间断),-0.004918624584457128,DOWN榜
801051,金属新材料,DOWN(-0.0113 | -0.0058),FLAT(-0.0025 | -0.0002),DOWN(-0.0170 | -0.0158),DOWN(-0.0036 | -0.0010),FLAT(+0.0006 | +0.0000),FLAT(+0.0006 | +0.0000),FLAT(+0.0014 | +0.0005),-0.004461604296837954,0.20506071923026264,0,3,一致偏下行(有间断),-0.004538678562877469,DOWN榜
801054,小金属,DOWN(-0.0114 | -0.0053),FLAT(-0.0031 | -0.0003),DOWN(-0.0180 | -0.0166),DOWN(-0.0031 | -0.0006),FLAT(+0.0002 | +0.0000),FLAT(+0.0020 | +0.0004),UP(+0.0030 | +0.0026),-0.004321043522288683,0.1841968745447528,1,3,方向打架,-0.004335719869830915,DOWN榜
801741,航天装备Ⅱ,DOWN(-0.0117 | -0.0056),DOWN(-0.0064 | -0.0032),DOWN(-0.0120 | -0.0068),DOWN(-0.0075 | -0.0053),DOWN(-0.0033 | -0.0013),FLAT(+0.0011 | +0.0000),FLAT(+0.0031 | +0.0010),-0.00417222254396565,0.15763297414190452,0,5,一致偏下行(有间断),-0.005250233107973785,DOWN榜
801983,医疗美容,DOWN(-0.0062 | -0.0061),DOWN(-0.0069 | -0.0053),DOWN(-0.0052 | -0.0044),DOWN(-0.0024 | -0.0011),DOWN(-0.0012 | -0.0003),N/A,N/A,-0.00407992597721845,0.25986651285064083,0,5,一致偏下行(有间断),-0.004395745107214491,DOWN榜
801074,专用设备,DOWN(-0.0137 | -0.0078),FLAT(-0.0000 | -0.0000),DOWN(-0.0109 | -0.0097),DOWN(-0.0039 | -0.0024),FLAT(-0.0006 | -0.0000),FLAT(+0.0007 | +0.0001),FLAT(+0.0014 | +0.0006),-0.003998349653042653,0.1718436665100311,0,3,一致偏下行(有间断),-0.003853242356130364,DOWN榜
801036,塑料,FLAT(-0.0120 | -0.0027),FLAT(-0.0029 | -0.0004),DOWN(-0.0165 | -0.0157),DOWN(-0.0039 | -0.0014),FLAT(+0.0004 | +0.0000),FLAT(+0.0015 | +0.0003),UP(+0.0019 | +0.0016),-0.0036827784776396672,0.1647541744114393,1,2,方向打架,-0.004504572742497817,DOWN榜
801207,旅游零售Ⅱ,DOWN(-0.0092 | -0.0078),DOWN(-0.0053 | -0.0027),DOWN(-0.0026 | -0.0012),DOWN(-0.0035 | -0.0025),DOWN(-0.0024 | -0.0016),N/A,N/A,-0.003654952330637292,0.28015074348203695,0,5,一致偏下行(有间断),-0.0045930878592634235,DOWN榜
801078,自动化设备,FLAT(-0.0131 | -0.0022),DOWN(-0.0072 | -0.0027),DOWN(-0.0147 | -0.0135),DOWN(-0.0036 | -0.0013),FLAT(+0.0020 | +0.0002),FLAT(+0.0026 | +0.0008),UP(+0.0017 | +0.0013),-0.003600855787478163,0.21217152138497106,1,3,方向打架,-0.004610845788375007,DOWN榜
801056,能源金属,FLAT(-0.0017 | -0.0001),UP(+0.0061 | +0.0021),DOWN(-0.0162 | -0.0141),DOWN(-0.0081 | -0.0068),DOWN(-0.0039 | -0.0019),FLAT(-0.0001 | -0.0000),FLAT(+0.0024 | +0.0009),-0.003224617605554912,0.3168993119742644,1,3,方向打架,-0.003087832295072062,DOWN榜
801216,体育Ⅱ,DOWN(-0.0093 | -0.0062),DOWN(-0.0067 | -0.0040),DOWN(-0.0026 | -0.0016),FLAT(+0.0004 | +0.0000),FLAT(+0.0005 | +0.0000),N/A,N/A,-0.003000172509730592,0.44137105889968764,0,3,一致偏下行(有间断),-0.0035435434429741744,DOWN榜
801117,其他家电Ⅱ,DOWN(-0.0043 | -0.0024),DOWN(-0.0079 | -0.0042),DOWN(-0.0068 | -0.0055),FLAT(-0.0009 | -0.0001),FLAT(+0.0005 | +0.0000),N/A,N/A,-0.0028139819939459053,0.3296022703792221,0,3,一致偏下行(有间断),-0.0038811609882149233,DOWN榜
801972,环保设备Ⅱ,FLAT(-0.0050 | -0.0005),FLAT(+0.0019 | +0.0002),DOWN(-0.0110 | -0.0100),DOWN(-0.0056 | -0.0048),FLAT(-0.0013 | -0.0002),FLAT(+0.0013 | +0.0002),FLAT(+0.0012 | +0.0005),-0.0025401311394364808,0.28101126719029573,0,2,一致偏下行(有间断),-0.002645612081474568,DOWN榜
801115,照明设备Ⅱ,FLAT(-0.0030 | -0.0001),FLAT(+0.0013 | +0.0001),DOWN(-0.0115 | -0.0107),DOWN(-0.0044 | -0.0025),FLAT(-0.0003 | -0.0000),FLAT(+0.0015 | +0.0004),UP(+0.0010 | +0.0007),-0.002220750807678248,0.2888360955100938,1,2,方向打架,-0.0021922048104133793,DOWN榜
801736,风电设备,FLAT(-0.0002 | -0.0000),UP(+0.0058 | +0.0038),DOWN(-0.0099 | -0.0081),DOWN(-0.0085 | -0.0080),DOWN(-0.0050 | -0.0040),FLAT(-0.0003 | -0.0000),FLAT(+0.0016 | +0.0005),-0.0021854709072568436,0.3344151761676451,1,3,方向打架,-0.0023761630735464304,DOWN榜
801745,军工电子Ⅱ,FLAT(-0.0081 | -0.0014),FLAT(-0.0016 | -0.0001),DOWN(-0.0103 | -0.0080),DOWN(-0.0041 | -0.0025),DOWN(-0.0016 | -0.0004),FLAT(+0.0001 | +0.0000),FLAT(+0.0010 | +0.0003),-0.0021716855865762806,0.18879695269966304,0,3,一致偏下行(有间断),-0.003495385840564879,DOWN榜
801724,专业工程,FLAT(-0.0053 | -0.0007),DOWN(-0.0027 | -0.0009),DOWN(-0.0074 | -0.0069),DOWN(-0.0032 | -0.0023),DOWN(-0.0024 | -0.0019),FLAT(-0.0000 | -0.0000),FLAT(+0.0008 | +0.0002),-0.002125590041243914,0.15634132302708753,0,4,一致偏下行(有间断),-0.002892842922986811,DOWN榜
801116,家电零部件Ⅱ,FLAT(+0.0030 | +0.0003),FLAT(-0.0006 | -0.0000),DOWN(-0.0088 | -0.0068),DOWN(-0.0063 | -0.0056),DOWN(-0.0021 | -0.0007),FLAT(-0.0003 | -0.0000),FLAT(+0.0015 | +0.0005),-0.002010582697015494,0.2998825112040605,0,3,一致偏下行(有间断),-0.0019493228288096996,DOWN榜
801141,包装印刷,FLAT(-0.0008 | -0.0000),UP(+0.0037 | +0.0019),DOWN(-0.0084 | -0.0075),DOWN(-0.0055 | -0.0052),DOWN(-0.0028 | -0.0018),FLAT(-0.0001 | -0.0000),FLAT(+0.0010 | +0.0003),-0.001856028806830484,0.3107028215376322,1,3,方向打架,-0.0018585212512144279,DOWN榜
801151,化学制药,DOWN(-0.0050 | -0.0029),DOWN(-0.0064 | -0.0048),FLAT(+0.0021 | +0.0002),FLAT(+0.0000 | +0.0000),DOWN(-0.0012 | -0.0003),DOWN(-0.0011 | -0.0007),FLAT(+0.0002 | +0.0000),-0.0017861924608663766,0.3760457633293339,0,4,一致偏下行(有间断),-0.0016209729522289487,DOWN榜
801722,装修装饰Ⅱ,FLAT(-0.0014 | -0.0000),UP(+0.0043 | +0.0021),DOWN(-0.0083 | -0.0071),DOWN(-0.0065 | -0.0060),DOWN(-0.0024 | -0.0009),FLAT(-0.0004 | -0.0000),FLAT(+0.0012 | +0.0004),-0.0017494656890764855,0.3101481028938287,1,3,方向打架,-0.0019246618752560385,DOWN榜
801093,汽车零部件,FLAT(+0.0010 | +0.0000),FLAT(+0.0014 | +0.0001),DOWN(-0.0060 | -0.0047),DOWN(-0.0053 | -0.0050),DOWN(-0.0020 | -0.0008),FLAT(-0.0005 | -0.0001),FLAT(+0.0006 | +0.0001),-0.0016016960400699217,0.31735841645339147,0,3,一致偏下行(有间断),-0.001550939230395555,DOWN榜
801231,综合Ⅱ,FLAT(-0.0076 | -0.0008),FLAT(-0.0022 | -0.0001),DOWN(-0.0069 | -0.0047),DOWN(-0.0043 | -0.0034),FLAT(-0.0016 | -0.0004),FLAT(+0.0006 | +0.0000),UP(+0.0019 | +0.0015),-0.0015479118423956553,0.17079541275279544,1,2,方向打架,-0.0028790352339320324,DOWN榜
801738,电网设备,FLAT(-0.0021 | -0.0001),UP(+0.0053 | +0.0022),DOWN(-0.0072 | -0.0053),DOWN(-0.0060 | -0.0055),DOWN(-0.0029 | -0.0018),FLAT(+0.0004 | +0.0000),UP(+0.0017 | +0.0012),-0.0014246403275266176,0.3270435804026595,2,3,方向打架,-0.0015607853972217803,DOWN榜
801112,黑色家电,FLAT(+0.0002 | +0.0000),FLAT(-0.0013 | -0.0000),DOWN(-0.0046 | -0.0034),DOWN(-0.0045 | -0.0041),DOWN(-0.0019 | -0.0009),DOWN(-0.0006 | -0.0002),FLAT(-0.0000 | -0.0000),-0.0013055059617323361,0.29400959053000675,0,4,一致偏下行(有间断),-0.001831595309146276,DOWN榜
801103,IT服务Ⅱ,FLAT(-0.0001 | -0.0000),FLAT(-0.0018 | -0.0001),DOWN(-0.0037 | -0.0024),DOWN(-0.0051 | -0.0044),DOWN(-0.0029 | -0.0019),DOWN(-0.0010 | -0.0003),FLAT(+0.0000 | +0.0000),-0.0012913823748584834,0.3125576841212885,0,4,一致偏下行(有间断),-0.002072998538408871,DOWN榜
801034,化学制品,FLAT(-0.0013 | -0.0002),FLAT(+0.0022 | +0.0007),DOWN(-0.0081 | -0.0068),DOWN(-0.0024 | -0.0011),DOWN(-0.0012 | -0.0004),FLAT(+0.0000 | +0.0000),FLAT(+0.0010 | +0.0003),-0.0012904474874988164,0.2787626589102649,0,3,一致偏下行(有间断),-0.0013932011583304936,DOWN榜
801742,航空装备Ⅱ,FLAT(+0.0008 | +0.0000),UP(+0.0042 | +0.0028),DOWN(-0.0061 | -0.0048),DOWN(-0.0057 | -0.0052),DOWN(-0.0033 | -0.0024),DOWN(-0.0011 | -0.0003),FLAT(+0.0004 | +0.0000),-0.0012874437358736238,0.3550559393468893,1,4,方向打架,-0.0015469725920509575,DOWN榜
801101,计算机设备,FLAT(-0.0117 | -0.0027),DOWN(-0.0042 | -0.0010),DOWN(-0.0025 | -0.0010),DOWN(-0.0022 | -0.0010),FLAT(-0.0004 | -0.0000),FLAT(-0.0003 | -0.0000),FLAT(+0.0005 | +0.0001),-0.0012203192007629736,0.20528227015344241,0,3,一致偏下行(有间断),-0.002961933581855778,DOWN榜
801218,专业服务,UP(+0.0057 | +0.0028),FLAT(+0.0022 | +0.0005),DOWN(-0.0100 | -0.0089),DOWN(-0.0036 | -0.0022),DOWN(-0.0009 | -0.0001),FLAT(-0.0002 | -0.0000),FLAT(+0.0005 | +0.0001),-0.001106482778209167,0.4099930424574435,1,3,方向打架,-0.0008955038534001871,DOWN榜
801206,互联网电商,FLAT(-0.0011 | -0.0000),FLAT(+0.0024 | +0.0006),DOWN(-0.0026 | -0.0015),DOWN(-0.0044 | -0.0037),DOWN(-0.0021 | -0.0011),DOWN(-0.0013 | -0.0008),FLAT(-0.0002 | -0.0000),-0.0008458804792913532,0.3690451275212014,0,4,一致偏下行(有间断),-0.0013381155879823353,DOWN榜
801033,化学原料,FLAT(+0.0008 | +0.0000),FLAT(+0.0023 | +0.0006),DOWN(-0.0044 | -0.0028),DOWN(-0.0028 | -0.0021),DOWN(-0.0023 | -0.0018),FLAT(+0.0004 | +0.0000),UP(+0.0009 | +0.0006),-0.0008351758319350891,0.3289614126142594,1,3,方向打架,-0.000731190395546908,DOWN榜
801737,电池,FLAT(-0.0013 | -0.0001),UP(+0.0056 | +0.0032),DOWN(-0.0071 | -0.0052),DOWN(-0.0042 | -0.0035),DOWN(-0.0017 | -0.0005),FLAT(+0.0003 | +0.0000),UP(+0.0018 | +0.0013),-0.0007563047968126593,0.3456833009855944,2,3,方向打架,-0.0009520446152490866,DOWN榜
801731,电机Ⅱ,UP(+0.0082 | +0.0032),UP(+0.0059 | +0.0032),DOWN(-0.0085 | -0.0064),DOWN(-0.0068 | -0.0062),DOWN(-0.0027 | -0.0012),FLAT(-0.0012 | -0.0005),FLAT(+0.0007 | +0.0001),-0.000709515165106453,0.43542953475784796,2,3,方向打架,-0.0006264558891809843,DOWN榜
801971,环境治理,FLAT(+0.0011 | +0.0000),UP(+0.0044 | +0.0028),DOWN(-0.0043 | -0.0032),DOWN(-0.0037 | -0.0034),DOWN(-0.0019 | -0.0013),FLAT(-0.0004 | -0.0000),FLAT(+0.0005 | +0.0001),-0.0005852013685381344,0.37688021371198216,1,3,方向打架,-0.0006172389188807907,DOWN榜
801223,通信服务,FLAT(+0.0023 | +0.0005),FLAT(+0.0004 | +0.0000),FLAT(-0.0018 | -0.0004),DOWN(-0.0043 | -0.0036),DOWN(-0.0020 | -0.0010),DOWN(-0.0004 | -0.0001),DOWN(-0.0003 | -0.0001),-0.0005547392942103945,0.38414935568391917,0,4,一致偏下行(有间断),-0.0008817673133866693,DOWN榜
801152,生物制品,FLAT(-0.0007 | -0.0000),DOWN(-0.0032 | -0.0012),FLAT(+0.0015 | +0.0001),DOWN(-0.0016 | -0.0004),DOWN(-0.0022 | -0.0013),DOWN(-0.0013 | -0.0010),FLAT(-0.0003 | -0.0000),-0.0004981025859284048,0.3788705007150797,0,4,一致偏下行(有间断),-0.0011137743234612035,DOWN榜
801713,装修建材,UP(+0.0050 | +0.0019),UP(+0.0060 | +0.0042),DOWN(-0.0056 | -0.0044),DOWN(-0.0057 | -0.0054),DOWN(-0.0032 | -0.0024),DOWN(-0.0008 | -0.0001),FLAT(+0.0003 | +0.0000),-0.0004572388580789971,0.46874007954398905,2,4,方向打架,-0.0005728445809286432,DOWN榜
801043,冶钢原料,FLAT(+0.0031 | +0.0016),UP(+0.0042 | +0.0023),DOWN(-0.0039 | -0.0025),DOWN(-0.0051 | -0.0046),DOWN(-0.0034 | -0.0026),FLAT(-0.0004 | -0.0000),UP(+0.0016 | +0.0010),-0.00042467941928334753,0.4151241581629281,2,3,方向打架,-0.000552265762439733,DOWN榜
801163,燃气Ⅱ,UP(+0.0035 | +0.0011),FLAT(+0.0007 | +0.0000),FLAT(-0.0005 | -0.0000),DOWN(-0.0032 | -0.0026),DOWN(-0.0025 | -0.0021),FLAT(-0.0004 | -0.0000),FLAT(+0.0009 | +0.0003),-0.00030254483509923734,0.39782211347171803,1,2,方向打架,-0.00020630114996853267,DOWN榜
801145,文娱用品,UP(+0.0043 | +0.0018),UP(+0.0048 | +0.0030),DOWN(-0.0028 | -0.0016),DOWN(-0.0061 | -0.0056),DOWN(-0.0034 | -0.0025),DOWN(-0.0010 | -0.0004),FLAT(-0.0000 | -0.0000),-0.0002625520236606433,0.4521767895895051,2,4,方向打架,-0.0006048584325146882,DOWN榜
801032,化学纤维,UP(+0.0046 | +0.0023),UP(+0.0057 | +0.0035),DOWN(-0.0073 | -0.0055),DOWN(-0.0038 | -0.0029),DOWN(-0.0018 | -0.0008),FLAT(-0.0000 | -0.0000),FLAT(+0.0009 | +0.0003),-0.00014278674540001021,0.41195769216262834,2,3,方向打架,-0.0002444670900652287,DOWN榜
801193,证券Ⅱ,FLAT(+0.0020 | +0.0004),FLAT(-0.0020 | -0.0007),FLAT(-0.0012 | -0.0004),UP(+0.0012 | +0.0004),UP(+0.0008 | +0.0002),DOWN(-0.0009 | -0.0005),FLAT(-0.0001 | -0.0000),-9.214617364571744e-05,0.5630645152957752,2,1,方向打架,-4.428608462113869e-05,DOWN榜
