代码,名称,2026-05-29_换手,2026-05-29_成交额拥挤,2026-06-01_换手,2026-06-01_成交额拥挤,2026-06-02_换手,2026-06-02_成交额拥挤,2026-06-03_换手,2026-06-03_成交额拥挤,2026-06-04_换手,2026-06-04_成交额拥挤,2026-06-05_换手,2026-06-05_成交额拥挤,2026-06-08_换手,2026-06-08_成交额拥挤,2026-06-09_换手,2026-06-09_成交额拥挤,2026-06-10_换手,2026-06-10_成交额拥挤,2026-06-11_换手,2026-06-11_成交额拥挤,2026-06-12_换手,2026-06-12_成交额拥挤,2026-06-15_换手,2026-06-15_成交额拥挤,2026-06-16_换手,2026-06-16_成交额拥挤,2026-06-17_换手,2026-06-17_成交额拥挤,2026-06-18_换手,2026-06-18_成交额拥挤,2026-06-22_换手,2026-06-22_成交额拥挤,2026-06-23_换手,2026-06-23_成交额拥挤,2026-06-24_换手,2026-06-24_成交额拥挤,2026-06-25_换手,2026-06-25_成交额拥挤,2026-06-26_换手,2026-06-26_成交额拥挤,2026-06-29_换手,2026-06-29_成交额拥挤,2026-06-30_换手,2026-06-30_成交额拥挤,2026-07-01_换手,2026-07-01_成交额拥挤,2026-07-02_换手,2026-07-02_成交额拥挤,2026-07-03_换手,2026-07-03_成交额拥挤,2026-07-06_换手,2026-07-06_成交额拥挤,2026-07-07_换手,2026-07-07_成交额拥挤,2026-07-08_换手,2026-07-08_成交额拥挤,2026-07-09_换手,2026-07-09_成交额拥挤
801983.SI,医疗美容,50.0,98.0,22.0,88.0,10.0,25.0,14.0,26.0,14.0,88.0,13.0,27.0,21.0,89.0,6.0,28.0,13.0,29.0,19.0,89.0,39.0,89.0,16.0,89.0,8.0,29.0,4.0,29.0,7.0,30.0,19.0,31.0,23.0,90.0,17.0,32.0,30.0,90.0,12.0,32.0,38.0,91.0,11.0,33.0,26.0,91.0,22.0,33.0,20.0,91.0,16.0,91.0,15.0,91.0,1.0,33.0,5.0,33.0
801982.SI,化妆品,70.0,12.0,78.0,30.0,77.0,17.0,71.0,12.0,69.0,17.0,70.0,12.0,67.0,12.0,55.0,8.0,53.0,8.0,50.0,4.0,64.0,13.0,67.0,8.0,54.0,4.0,52.0,2.0,60.0,4.0,71.0,8.0,68.0,4.0,67.0,4.0,69.0,4.0,67.0,4.0,76.0,8.0,77.0,8.0,83.0,8.0,86.0,13.0,84.0,18.0,78.0,13.0,68.0,13.0,64.0,13.0,62.0,4.0
801981.SI,个护用品,55.0,8.0,62.0,8.0,53.0,9.0,42.0,2.0,50.0,9.0,51.0,9.0,53.0,9.0,43.0,9.0,40.0,2.0,42.0,2.0,64.0,9.0,65.0,9.0,56.0,9.0,53.0,2.0,60.0,2.0,64.0,2.0,61.0,9.0,65.0,9.0,62.0,9.0,53.0,2.0,72.0,9.0,58.0,9.0,57.0,2.0,55.0,2.0,49.0,3.0,52.0,3.0,63.0,9.0,69.0,18.0,71.0,9.0
801972.SI,环保设备Ⅱ,79.0,56.0,76.0,56.0,79.0,71.0,85.0,82.0,70.0,74.0,84.0,85.0,81.0,82.0,82.0,84.0,81.0,80.0,80.0,82.0,88.0,74.0,84.0,74.0,81.0,64.0,83.0,82.0,84.0,74.0,94.0,74.0,82.0,64.0,90.0,80.0,95.0,89.0,92.0,82.0,91.0,86.0,89.0,80.0,90.0,77.0,83.0,67.0,85.0,67.0,77.0,56.0,66.0,56.0,60.0,50.0,61.0,50.0
801971.SI,环境治理,72.0,7.0,77.0,14.0,64.0,8.0,61.0,5.0,57.0,8.0,63.0,4.0,75.0,9.0,58.0,5.0,59.0,5.0,57.0,5.0,71.0,5.0,71.0,7.0,64.0,5.0,66.0,3.0,66.0,2.0,83.0,8.0,77.0,12.0,78.0,9.0,76.0,6.0,70.0,3.0,74.0,3.0,56.0,1.0,72.0,2.0,68.0,3.0,65.0,7.0,70.0,13.0,61.0,14.0,55.0,10.0,62.0,4.0
801963.SI,炼化及贸易,76.0,2.0,72.0,9.0,64.0,7.0,58.0,3.0,61.0,3.0,81.0,10.0,79.0,12.0,64.0,7.0,58.0,2.0,64.0,6.0,79.0,15.0,80.0,19.0,66.0,5.0,63.0,2.0,63.0,1.0,74.0,1.0,74.0,4.0,81.0,5.0,81.0,4.0,77.0,8.0,72.0,2.0,68.0,5.0,73.0,2.0,75.0,2.0,71.0,5.0,78.0,11.0,71.0,12.0,62.0,7.0,72.0,4.0
801962.SI,油服工程,74.0,6.0,63.0,9.0,82.0,16.0,87.0,20.0,80.0,24.0,75.0,6.0,87.0,31.0,88.0,34.0,72.0,16.0,83.0,24.0,86.0,20.0,76.0,13.0,75.0,6.0,66.0,4.0,81.0,4.0,81.0,4.0,82.0,6.0,74.0,4.0,69.0,2.0,67.0,1.0,70.0,2.0,69.0,1.0,70.0,1.0,67.0,2.0,59.0,1.0,63.0,2.0,79.0,6.0,93.0,39.0,98.0,50.0
801961.SI,油气开采Ⅱ,38.0,6.0,48.0,14.0,42.0,15.0,87.0,37.0,70.0,23.0,68.0,24.0,73.0,39.0,71.0,35.0,59.0,25.0,66.0,30.0,71.0,32.0,65.0,38.0,57.0,16.0,58.0,26.0,55.0,14.0,63.0,18.0,63.0,28.0,64.0,18.0,69.0,37.0,62.0,19.0,57.0,14.0,54.0,15.0,47.0,6.0,28.0,17.0,68.0,34.0,69.0,39.0,58.0,40.0,73.0,51.0,89.0,54.0
801952.SI,焦炭Ⅱ,73.0,6.0,89.0,19.0,89.0,19.0,90.0,15.0,97.0,33.0,98.0,28.0,94.0,24.0,90.0,20.0,84.0,10.0,82.0,10.0,85.0,11.0,71.0,6.0,71.0,6.0,69.0,2.0,65.0,2.0,61.0,0.0,63.0,2.0,71.0,2.0,57.0,2.0,50.0,0.0,43.0,0.0,40.0,0.0,60.0,0.0,53.0,0.0,40.0,0.0,40.0,0.0,38.0,0.0,37.0,0.0,39.0,0.0
801951.SI,煤炭开采,86.0,24.0,96.0,57.0,98.0,63.0,98.0,50.0,97.0,60.0,97.0,41.0,96.0,47.0,93.0,40.0,91.0,34.0,87.0,25.0,88.0,30.0,84.0,35.0,86.0,22.0,83.0,16.0,83.0,15.0,80.0,11.0,85.0,18.0,86.0,18.0,76.0,10.0,71.0,7.0,66.0,8.0,67.0,10.0,62.0,4.0,79.0,18.0,69.0,12.0,77.0,20.0,71.0,17.0,71.0,19.0,63.0,8.0
801102.SI,通信设备,95.0,99.0,86.0,98.0,88.0,100.0,98.0,100.0,92.0,100.0,98.0,100.0,95.0,100.0,91.0,100.0,86.0,99.0,82.0,100.0,89.0,99.0,89.0,99.0,94.0,99.0,90.0,99.0,87.0,98.0,94.0,98.0,89.0,99.0,84.0,98.0,89.0,99.0,88.0,99.0,85.0,97.0,84.0,97.0,88.0,97.0,82.0,96.0,78.0,95.0,84.0,96.0,76.0,97.0,79.0,98.0,91.0,99.0
801223.SI,通信服务,89.0,71.0,86.0,70.0,90.0,74.0,93.0,72.0,85.0,71.0,87.0,70.0,86.0,71.0,84.0,68.0,87.0,74.0,85.0,72.0,83.0,68.0,84.0,70.0,87.0,69.0,87.0,69.0,90.0,71.0,95.0,73.0,91.0,70.0,90.0,71.0,91.0,70.0,87.0,67.0,80.0,62.0,81.0,67.0,90.0,74.0,87.0,72.0,78.0,67.0,83.0,68.0,75.0,64.0,76.0,70.0,79.0,68.0
801995.SI,电视广播Ⅱ,63.0,12.0,58.0,12.0,62.0,18.0,64.0,15.0,64.0,18.0,55.0,9.0,61.0,15.0,42.0,6.0,49.0,9.0,48.0,9.0,49.0,4.0,38.0,4.0,55.0,9.0,48.0,4.0,50.0,4.0,61.0,4.0,53.0,7.0,46.0,4.0,39.0,2.0,43.0,2.0,43.0,2.0,36.0,2.0,49.0,3.0,48.0,3.0,39.0,2.0,33.0,2.0,28.0,3.0,43.0,4.0,38.0,3.0
801769.SI,出版,63.0,14.0,77.0,29.0,61.0,13.0,70.0,16.0,51.0,12.0,57.0,9.0,64.0,14.0,58.0,13.0,65.0,22.0,64.0,13.0,72.0,12.0,63.0,12.0,49.0,6.0,48.0,5.0,50.0,7.0,57.0,7.0,50.0,5.0,44.0,4.0,40.0,2.0,42.0,2.0,38.0,1.0,35.0,1.0,60.0,4.0,57.0,8.0,45.0,6.0,38.0,3.0,32.0,3.0,26.0,2.0,42.0,8.0
801767.SI,数字媒体,77.0,14.0,81.0,29.0,85.0,49.0,78.0,29.0,68.0,25.0,87.0,42.0,94.0,54.0,94.0,57.0,94.0,63.0,90.0,47.0,93.0,39.0,88.0,29.0,86.0,25.0,82.0,14.0,85.0,18.0,91.0,21.0,83.0,11.0,82.0,11.0,70.0,7.0,65.0,5.0,85.0,11.0,77.0,9.0,81.0,7.0,89.0,18.0,85.0,18.0,85.0,18.0,68.0,11.0,57.0,7.0,63.0,7.0
801766.SI,影视院线,90.0,8.0,91.0,19.0,91.0,15.0,84.0,5.0,83.0,7.0,86.0,6.0,86.0,12.0,84.0,9.0,87.0,14.0,85.0,14.0,86.0,5.0,80.0,3.0,72.0,1.0,71.0,1.0,61.0,1.0,80.0,2.0,83.0,6.0,78.0,3.0,78.0,2.0,76.0,2.0,70.0,1.0,58.0,1.0,76.0,2.0,74.0,3.0,71.0,2.0,70.0,3.0,78.0,11.0,72.0,11.0,84.0,8.0
801765.SI,广告营销,88.0,54.0,94.0,81.0,93.0,66.0,83.0,35.0,75.0,26.0,77.0,21.0,68.0,16.0,72.0,37.0,77.0,35.0,65.0,15.0,70.0,16.0,63.0,16.0,63.0,14.0,55.0,7.0,63.0,16.0,74.0,18.0,69.0,23.0,50.0,5.0,61.0,9.0,61.0,9.0,63.0,14.0,55.0,11.0,68.0,11.0,87.0,39.0,87.0,42.0,72.0,20.0,52.0,14.0,48.0,11.0,67.0,15.0
801764.SI,游戏Ⅱ,32.0,1.0,42.0,5.0,35.0,3.0,26.0,1.0,28.0,1.0,45.0,3.0,49.0,3.0,36.0,2.0,40.0,2.0,42.0,4.0,48.0,10.0,39.0,4.0,38.0,2.0,36.0,1.0,49.0,5.0,72.0,7.0,54.0,3.0,52.0,4.0,64.0,7.0,67.0,7.0,66.0,7.0,53.0,5.0,66.0,5.0,71.0,21.0,56.0,9.0,49.0,8.0,82.0,55.0,73.0,41.0,70.0,32.0
801104.SI,软件开发,66.0,21.0,71.0,38.0,61.0,29.0,61.0,25.0,53.0,24.0,58.0,18.0,65.0,21.0,62.0,21.0,66.0,25.0,57.0,22.0,67.0,23.0,64.0,25.0,53.0,16.0,47.0,12.0,52.0,13.0,77.0,28.0,70.0,27.0,64.0,21.0,66.0,20.0,62.0,17.0,53.0,12.0,47.0,13.0,70.0,23.0,67.0,21.0,47.0,14.0,51.0,15.0,41.0,15.0,55.0,31.0,60.0,29.0
801103.SI,IT服务Ⅱ,74.0,23.0,73.0,28.0,69.0,26.0,70.0,23.0,58.0,18.0,62.0,18.0,64.0,20.0,62.0,23.0,72.0,31.0,59.0,20.0,65.0,15.0,63.0,16.0,61.0,15.0,56.0,14.0,60.0,16.0,76.0,20.0,64.0,15.0,61.0,15.0,64.0,13.0,61.0,13.0,53.0,6.0,53.0,12.0,67.0,17.0,67.0,18.0,51.0,13.0,46.0,13.0,35.0,14.0,51.0,35.0,62.0,34.0
801101.SI,计算机设备,69.0,33.0,61.0,36.0,59.0,29.0,57.0,31.0,55.0,27.0,60.0,29.0,68.0,34.0,53.0,19.0,55.0,31.0,52.0,20.0,55.0,12.0,56.0,20.0,60.0,24.0,67.0,39.0,69.0,35.0,84.0,35.0,73.0,32.0,77.0,43.0,74.0,58.0,73.0,50.0,69.0,36.0,71.0,60.0,78.0,51.0,69.0,33.0,59.0,31.0,58.0,38.0,51.0,44.0,60.0,62.0,71.0,80.0
801745.SI,军工电子Ⅱ,88.0,83.0,67.0,66.0,76.0,78.0,84.0,84.0,76.0,84.0,88.0,88.0,85.0,86.0,80.0,82.0,80.0,82.0,78.0,82.0,88.0,78.0,78.0,71.0,86.0,85.0,89.0,87.0,83.0,79.0,86.0,75.0,72.0,58.0,77.0,63.0,82.0,69.0,90.0,82.0,87.0,81.0,88.0,86.0,87.0,79.0,83.0,82.0,85.0,86.0,87.0,89.0,74.0,85.0,69.0,86.0,76.0,82.0
801744.SI,航海装备Ⅱ,51.0,18.0,35.0,15.0,41.0,18.0,34.0,8.0,40.0,24.0,58.0,22.0,58.0,26.0,45.0,24.0,47.0,22.0,40.0,15.0,62.0,22.0,50.0,29.0,38.0,15.0,57.0,27.0,52.0,24.0,57.0,24.0,43.0,20.0,62.0,20.0,57.0,18.0,57.0,22.0,63.0,20.0,51.0,18.0,61.0,27.0,53.0,25.0,71.0,54.0,76.0,54.0,66.0,50.0,64.0,65.0,62.0,48.0
801743.SI,地面兵装Ⅱ,75.0,37.0,61.0,19.0,58.0,19.0,64.0,27.0,52.0,16.0,64.0,19.0,61.0,16.0,50.0,13.0,70.0,27.0,57.0,16.0,71.0,23.0,66.0,19.0,64.0,23.0,57.0,13.0,63.0,20.0,79.0,41.0,71.0,35.0,66.0,23.0,72.0,27.0,75.0,27.0,67.0,16.0,61.0,20.0,77.0,23.0,74.0,20.0,74.0,20.0,76.0,23.0,57.0,20.0,53.0,20.0,70.0,16.0
801742.SI,航空装备Ⅱ,71.0,49.0,62.0,42.0,54.0,30.0,51.0,26.0,44.0,28.0,59.0,29.0,60.0,37.0,41.0,26.0,49.0,35.0,58.0,43.0,83.0,58.0,76.0,52.0,73.0,48.0,65.0,44.0,69.0,44.0,73.0,35.0,73.0,43.0,71.0,37.0,66.0,26.0,68.0,43.0,73.0,41.0,70.0,37.0,71.0,29.0,63.0,20.0,77.0,42.0,67.0,30.0,51.0,22.0,45.0,16.0,53.0,15.0
801741.SI,航天装备Ⅱ,71.0,39.0,55.0,28.0,53.0,34.0,68.0,49.0,48.0,32.0,85.0,73.0,85.0,72.0,73.0,58.0,72.0,46.0,74.0,51.0,85.0,60.0,87.0,49.0,78.0,46.0,74.0,42.0,79.0,44.0,79.0,37.0,63.0,31.0,58.0,28.0,61.0,24.0,92.0,68.0,79.0,53.0,80.0,60.0,88.0,54.0,75.0,46.0,90.0,68.0,88.0,63.0,70.0,51.0,64.0,40.0,64.0,40.0
801078.SI,自动化设备,93.0,99.0,84.0,99.0,82.0,98.0,90.0,100.0,87.0,99.0,96.0,100.0,94.0,100.0,91.0,100.0,91.0,100.0,84.0,99.0,90.0,98.0,90.0,99.0,92.0,99.0,91.0,100.0,92.0,100.0,94.0,99.0,91.0,99.0,90.0,99.0,94.0,99.0,91.0,99.0,92.0,99.0,88.0,100.0,92.0,99.0,91.0,99.0,94.0,100.0,92.0,100.0,83.0,99.0,76.0,98.0,78.0,98.0
801077.SI,工程机械,69.0,21.0,58.0,15.0,58.0,8.0,57.0,3.0,45.0,5.0,69.0,15.0,81.0,57.0,69.0,25.0,79.0,31.0,81.0,37.0,83.0,23.0,75.0,11.0,67.0,4.0,64.0,2.0,79.0,4.0,86.0,11.0,79.0,9.0,69.0,6.0,72.0,3.0,64.0,1.0,73.0,5.0,67.0,9.0,76.0,5.0,77.0,17.0,89.0,38.0,83.0,25.0,75.0,44.0,61.0,15.0,63.0,4.0
801076.SI,轨交设备Ⅱ,72.0,44.0,69.0,37.0,57.0,29.0,60.0,29.0,66.0,48.0,69.0,44.0,78.0,48.0,74.0,51.0,76.0,51.0,73.0,48.0,72.0,40.0,76.0,44.0,82.0,48.0,84.0,51.0,82.0,48.0,82.0,44.0,80.0,51.0,81.0,48.0,78.0,40.0,77.0,40.0,75.0,40.0,71.0,40.0,78.0,44.0,84.0,54.0,76.0,40.0,58.0,29.0,54.0,33.0,47.0,29.0,49.0,22.0
801074.SI,专用设备,86.0,17.0,78.0,17.0,76.0,19.0,75.0,15.0,74.0,22.0,83.0,21.0,84.0,24.0,77.0,25.0,79.0,33.0,74.0,19.0,84.0,18.0,78.0,14.0,79.0,17.0,79.0,16.0,79.0,14.0,88.0,16.0,83.0,19.0,86.0,19.0,88.0,18.0,86.0,16.0,89.0,20.0,81.0,17.0,85.0,15.0,82.0,11.0,85.0,16.0,82.0,20.0,72.0,19.0,67.0,16.0,77.0,17.0
801072.SI,通用设备,90.0,92.0,83.0,86.0,84.0,89.0,87.0,89.0,84.0,92.0,94.0,95.0,94.0,97.0,91.0,98.0,89.0,97.0,81.0,93.0,87.0,90.0,85.0,91.0,88.0,93.0,87.0,93.0,91.0,96.0,95.0,94.0,90.0,93.0,88.0,95.0,90.0,93.0,88.0,91.0,91.0,91.0,89.0,94.0,92.0,93.0,93.0,96.0,95.0,98.0,94.0,98.0,88.0,99.0,83.0,96.0,85.0,91.0
801738.SI,电网设备,95.0,82.0,90.0,86.0,92.0,84.0,91.0,75.0,86.0,77.0,86.0,70.0,85.0,76.0,75.0,64.0,76.0,64.0,69.0,54.0,77.0,48.0,80.0,60.0,84.0,67.0,80.0,59.0,78.0,49.0,90.0,68.0,82.0,55.0,78.0,40.0,78.0,29.0,79.0,40.0,77.0,29.0,70.0,16.0,81.0,29.0,79.0,22.0,80.0,34.0,80.0,44.0,67.0,34.0,60.0,25.0,69.0,29.0
801737.SI,电池,93.0,91.0,87.0,90.0,85.0,88.0,81.0,82.0,80.0,88.0,83.0,80.0,79.0,82.0,77.0,85.0,74.0,80.0,76.0,86.0,88.0,91.0,87.0,90.0,94.0,97.0,91.0,93.0,89.0,91.0,95.0,95.0,88.0,90.0,88.0,90.0,89.0,86.0,89.0,88.0,85.0,82.0,83.0,81.0,88.0,86.0,83.0,81.0,80.0,80.0,81.0,81.0,77.0,85.0,77.0,87.0,78.0,83.0
801736.SI,风电设备,77.0,73.0,68.0,69.0,66.0,66.0,65.0,59.0,73.0,69.0,74.0,64.0,71.0,69.0,59.0,61.0,71.0,67.0,63.0,57.0,71.0,64.0,64.0,55.0,64.0,59.0,64.0,48.0,63.0,51.0,73.0,53.0,64.0,48.0,63.0,43.0,69.0,45.0,80.0,76.0,74.0,63.0,71.0,68.0,81.0,77.0,74.0,63.0,80.0,74.0,75.0,67.0,63.0,66.0,56.0,53.0,61.0,53.0
801735.SI,光伏设备,84.0,74.0,74.0,71.0,75.0,70.0,73.0,67.0,75.0,72.0,84.0,73.0,78.0,69.0,72.0,69.0,79.0,74.0,74.0,72.0,85.0,74.0,74.0,67.0,78.0,70.0,78.0,68.0,78.0,65.0,86.0,72.0,73.0,65.0,72.0,62.0,75.0,63.0,83.0,71.0,81.0,71.0,77.0,73.0,88.0,79.0,81.0,69.0,74.0,64.0,70.0,62.0,56.0,62.0,57.0,64.0,61.0,63.0
801733.SI,其他电源设备Ⅱ,91.0,26.0,84.0,32.0,85.0,33.0,86.0,35.0,82.0,33.0,74.0,26.0,71.0,29.0,96.0,40.0,91.0,39.0,85.0,31.0,87.0,26.0,85.0,24.0,89.0,29.0,85.0,37.0,85.0,27.0,86.0,24.0,75.0,23.0,82.0,21.0,86.0,25.0,85.0,31.0,83.0,27.0,77.0,28.0,84.0,25.0,73.0,17.0,66.0,18.0,74.0,23.0,70.0,24.0,86.0,21.0,88.0,26.0
801731.SI,电机Ⅱ,90.0,76.0,71.0,67.0,85.0,76.0,82.0,69.0,73.0,69.0,90.0,82.0,87.0,83.0,73.0,75.0,75.0,77.0,66.0,72.0,67.0,64.0,56.0,58.0,65.0,67.0,63.0,62.0,65.0,64.0,81.0,62.0,69.0,53.0,63.0,53.0,72.0,55.0,62.0,48.0,63.0,41.0,65.0,51.0,63.0,45.0,83.0,70.0,93.0,84.0,87.0,86.0,74.0,79.0,60.0,72.0,56.0,58.0
801726.SI,工程咨询服务Ⅱ,76.0,69.0,76.0,81.0,69.0,81.0,68.0,78.0,58.0,65.0,68.0,83.0,72.0,78.0,61.0,74.0,64.0,80.0,59.0,82.0,66.0,82.0,69.0,77.0,70.0,82.0,73.0,82.0,66.0,81.0,78.0,84.0,68.0,77.0,63.0,69.0,68.0,42.0,79.0,94.0,81.0,94.0,73.0,91.0,77.0,92.0,73.0,91.0,73.0,93.0,71.0,92.0,76.0,93.0,73.0,92.0,73.0,89.0
801724.SI,专业工程,74.0,10.0,58.0,7.0,61.0,6.0,65.0,6.0,63.0,10.0,71.0,15.0,58.0,10.0,43.0,3.0,69.0,35.0,61.0,20.0,81.0,31.0,78.0,28.0,85.0,37.0,88.0,59.0,93.0,52.0,88.0,25.0,72.0,16.0,80.0,25.0,87.0,25.0,85.0,37.0,82.0,35.0,87.0,47.0,86.0,25.0,85.0,28.0,78.0,22.0,66.0,13.0,59.0,16.0,53.0,10.0,71.0,26.0
801723.SI,基础建设,85.0,17.0,79.0,16.0,82.0,17.0,79.0,13.0,76.0,16.0,76.0,13.0,79.0,18.0,72.0,17.0,72.0,16.0,67.0,13.0,70.0,8.0,65.0,9.0,74.0,11.0,76.0,25.0,73.0,14.0,77.0,11.0,70.0,13.0,67.0,8.0,70.0,7.0,67.0,5.0,68.0,3.0,64.0,3.0,70.0,3.0,67.0,2.0,64.0,2.0,64.0,2.0,66.0,6.0,58.0,4.0,59.0,3.0
801722.SI,装修装饰Ⅱ,73.0,26.0,69.0,49.0,82.0,59.0,79.0,43.0,74.0,37.0,60.0,18.0,77.0,18.0,74.0,18.0,64.0,10.0,78.0,30.0,67.0,10.0,71.0,10.0,73.0,10.0,75.0,18.0,72.0,10.0,79.0,6.0,86.0,10.0,82.0,15.0,85.0,22.0,84.0,15.0,78.0,10.0,68.0,6.0,67.0,3.0,63.0,6.0,64.0,6.0,58.0,3.0,62.0,10.0,90.0,23.0,77.0,10.0
801721.SI,房屋建设Ⅱ,79.0,4.0,67.0,1.0,68.0,1.0,66.0,1.0,61.0,1.0,59.0,0.0,62.0,0.0,59.0,0.0,58.0,1.0,61.0,2.0,54.0,1.0,55.0,1.0,52.0,0.0,50.0,0.0,48.0,0.0,62.0,0.0,56.0,0.0,48.0,0.0,47.0,0.0,64.0,0.0,55.0,0.0,57.0,0.0,61.0,0.0,50.0,0.0,42.0,0.0,37.0,0.0,38.0,0.0,48.0,1.0,40.0,0.0
801713.SI,装修建材,68.0,0.0,81.0,5.0,81.0,6.0,77.0,4.0,72.0,5.0,76.0,3.0,87.0,9.0,84.0,10.0,70.0,5.0,75.0,8.0,87.0,8.0,88.0,8.0,94.0,5.0,93.0,6.0,94.0,6.0,96.0,3.0,88.0,3.0,88.0,4.0,85.0,2.0,76.0,0.0,78.0,0.0,79.0,1.0,78.0,0.0,74.0,0.0,66.0,0.0,77.0,0.0,81.0,6.0,73.0,3.0,77.0,2.0
801712.SI,玻璃玻纤,97.0,99.0,93.0,99.0,98.0,100.0,98.0,100.0,95.0,99.0,99.0,100.0,97.0,99.0,99.0,100.0,98.0,100.0,99.0,100.0,99.0,100.0,96.0,100.0,98.0,100.0,100.0,100.0,100.0,100.0,100.0,100.0,98.0,100.0,98.0,100.0,97.0,100.0,98.0,100.0,93.0,100.0,97.0,100.0,95.0,99.0,90.0,99.0,92.0,100.0,92.0,100.0,83.0,100.0,80.0,100.0,87.0,100.0
801711.SI,水泥,63.0,1.0,56.0,1.0,50.0,0.0,35.0,0.0,33.0,0.0,34.0,0.0,33.0,0.0,23.0,1.0,65.0,1.0,29.0,1.0,49.0,0.0,44.0,1.0,33.0,0.0,46.0,1.0,54.0,1.0,56.0,1.0,50.0,1.0,51.0,1.0,52.0,1.0,43.0,1.0,46.0,1.0,37.0,1.0,53.0,1.0,41.0,1.0,47.0,1.0,49.0,1.0,58.0,1.0,39.0,0.0,35.0,1.0
801231.SI,综合Ⅱ,76.0,17.0,73.0,14.0,70.0,13.0,73.0,9.0,64.0,9.0,71.0,8.0,68.0,7.0,77.0,21.0,78.0,18.0,83.0,18.0,79.0,11.0,73.0,8.0,67.0,8.0,72.0,21.0,67.0,11.0,79.0,11.0,78.0,9.0,78.0,13.0,78.0,9.0,75.0,5.0,74.0,3.0,66.0,2.0,78.0,15.0,76.0,18.0,66.0,8.0,63.0,9.0,59.0,9.0,54.0,8.0,63.0,15.0
801191.SI,多元金融,62.0,2.0,74.0,4.0,66.0,3.0,50.0,1.0,47.0,2.0,51.0,1.0,48.0,2.0,31.0,0.0,45.0,2.0,39.0,2.0,58.0,3.0,63.0,7.0,58.0,2.0,47.0,1.0,49.0,1.0,77.0,6.0,69.0,5.0,52.0,1.0,55.0,1.0,55.0,1.0,44.0,0.0,36.0,0.0,64.0,2.0,49.0,0.0,36.0,0.0,33.0,0.0,33.0,1.0,40.0,4.0,39.0,1.0
801194.SI,保险Ⅱ,78.0,8.0,58.0,3.0,65.0,5.0,58.0,1.0,54.0,1.0,80.0,12.0,68.0,6.0,52.0,3.0,83.0,21.0,78.0,12.0,88.0,22.0,86.0,20.0,71.0,6.0,65.0,3.0,90.0,36.0,95.0,31.0,86.0,17.0,77.0,11.0,89.0,18.0,85.0,15.0,76.0,7.0,76.0,6.0,95.0,29.0,85.0,11.0,74.0,6.0,82.0,13.0,67.0,7.0,54.0,2.0,67.0,3.0
801193.SI,证券Ⅱ,45.0,3.0,26.0,2.0,30.0,2.0,32.0,1.0,29.0,1.0,24.0,0.0,34.0,2.0,16.0,0.0,28.0,2.0,27.0,2.0,63.0,9.0,73.0,25.0,57.0,7.0,40.0,2.0,42.0,2.0,79.0,33.0,83.0,46.0,71.0,25.0,81.0,37.0,73.0,21.0,58.0,11.0,49.0,6.0,79.0,36.0,68.0,18.0,53.0,9.0,48.0,10.0,38.0,11.0,28.0,3.0,43.0,6.0
801785.SI,农商行Ⅱ,22.0,2.0,41.0,8.0,26.0,4.0,24.0,2.0,21.0,4.0,10.0,1.0,16.0,2.0,25.0,4.0,38.0,8.0,16.0,2.0,39.0,4.0,37.0,8.0,20.0,2.0,7.0,1.0,21.0,2.0,23.0,2.0,32.0,5.0,29.0,2.0,8.0,1.0,12.0,0.0,19.0,1.0,15.0,2.0,10.0,1.0,21.0,1.0,12.0,1.0,34.0,5.0,15.0,2.0,19.0,5.0,22.0,2.0
801784.SI,城商行Ⅱ,51.0,16.0,59.0,25.0,48.0,19.0,45.0,10.0,41.0,16.0,34.0,7.0,46.0,19.0,52.0,29.0,66.0,38.0,54.0,27.0,64.0,23.0,61.0,23.0,39.0,10.0,34.0,9.0,56.0,16.0,53.0,12.0,56.0,12.0,50.0,13.0,34.0,7.0,38.0,7.0,44.0,10.0,43.0,16.0,39.0,6.0,50.0,16.0,38.0,9.0,55.0,16.0,39.0,14.0,41.0,14.0,39.0,9.0
801783.SI,股份制银行Ⅱ,74.0,8.0,67.0,3.0,69.0,6.0,61.0,1.0,53.0,1.0,63.0,1.0,67.0,2.0,67.0,2.0,69.0,8.0,57.0,2.0,74.0,6.0,69.0,4.0,41.0,0.0,48.0,0.0,64.0,2.0,66.0,1.0,67.0,2.0,69.0,4.0,59.0,1.0,60.0,1.0,66.0,1.0,63.0,1.0,50.0,0.0,59.0,1.0,54.0,1.0,63.0,2.0,44.0,1.0,44.0,1.0,41.0,0.0
801782.SI,国有大型银行Ⅱ,80.0,14.0,77.0,19.0,77.0,19.0,71.0,6.0,57.0,2.0,77.0,11.0,84.0,41.0,80.0,38.0,83.0,39.0,74.0,21.0,86.0,33.0,87.0,38.0,76.0,11.0,74.0,7.0,86.0,21.0,85.0,12.0,88.0,30.0,85.0,23.0,82.0,9.0,80.0,8.0,83.0,13.0,84.0,17.0,69.0,2.0,79.0,9.0,73.0,6.0,77.0,13.0,81.0,30.0,83.0,35.0,80.0,19.0
801994.SI,教育,36.0,0.0,65.0,1.0,39.0,1.0,28.0,1.0,23.0,0.0,35.0,1.0,28.0,1.0,20.0,0.0,20.0,0.0,40.0,1.0,33.0,0.0,47.0,1.0,39.0,1.0,35.0,1.0,26.0,0.0,39.0,0.0,26.0,0.0,43.0,0.0,40.0,0.0,43.0,0.0,46.0,0.0,45.0,1.0,70.0,2.0,58.0,1.0,36.0,0.0,55.0,1.0,52.0,3.0,32.0,2.0,40.0,1.0
801993.SI,旅游及景区,70.0,3.0,61.0,2.0,59.0,3.0,58.0,1.0,53.0,1.0,62.0,2.0,67.0,3.0,56.0,2.0,82.0,12.0,76.0,7.0,78.0,6.0,67.0,3.0,59.0,1.0,63.0,2.0,55.0,0.0,66.0,1.0,62.0,1.0,61.0,1.0,53.0,0.0,53.0,0.0,60.0,0.0,50.0,0.0,58.0,0.0,51.0,0.0,45.0,0.0,52.0,1.0,48.0,1.0,74.0,8.0,75.0,5.0
801219.SI,酒店餐饮,55.0,1.0,46.0,1.0,45.0,1.0,41.0,0.0,38.0,0.0,39.0,0.0,41.0,1.0,33.0,0.0,36.0,1.0,36.0,0.0,47.0,1.0,43.0,1.0,26.0,0.0,33.0,0.0,28.0,0.0,50.0,0.0,58.0,1.0,47.0,0.0,40.0,0.0,41.0,0.0,49.0,0.0,33.0,0.0,57.0,1.0,60.0,1.0,38.0,1.0,36.0,1.0,32.0,1.0,46.0,2.0,39.0,1.0
801218.SI,专业服务,81.0,71.0,77.0,75.0,65.0,52.0,72.0,57.0,69.0,62.0,75.0,66.0,72.0,66.0,65.0,66.0,68.0,66.0,64.0,66.0,78.0,71.0,74.0,71.0,78.0,75.0,75.0,71.0,71.0,66.0,77.0,71.0,64.0,57.0,66.0,66.0,70.0,62.0,68.0,62.0,68.0,57.0,61.0,57.0,69.0,66.0,69.0,66.0,57.0,57.0,53.0,57.0,53.0,66.0,54.0,62.0,64.0,57.0
801216.SI,体育Ⅱ,93.0,68.0,94.0,79.0,89.0,46.0,95.0,68.0,87.0,46.0,89.0,47.0,93.0,69.0,88.0,47.0,96.0,81.0,95.0,69.0,92.0,47.0,88.0,17.0,86.0,18.0,92.0,19.0,89.0,20.0,90.0,21.0,90.0,22.0,90.0,23.0,83.0,1.0,80.0,2.0,80.0,4.0,78.0,5.0,79.0,6.0,84.0,7.0,88.0,29.0,81.0,8.0,66.0,9.0,52.0,10.0,56.0,11.0
801207.SI,旅游零售Ⅱ,99.0,100.0,94.0,95.0,89.0,93.0,85.0,72.0,83.0,72.0,93.0,93.0,94.0,96.0,89.0,90.0,89.0,90.0,82.0,81.0,89.0,81.0,82.0,67.0,73.0,52.0,87.0,82.0,81.0,52.0,91.0,75.0,86.0,67.0,76.0,35.0,83.0,52.0,80.0,36.0,88.0,68.0,73.0,10.0,87.0,53.0,82.0,36.0,76.0,11.0,73.0,12.0,78.0,55.0,74.0,38.0,73.0,13.0
801206.SI,互联网电商,74.0,3.0,84.0,10.0,73.0,6.0,62.0,2.0,50.0,1.0,52.0,0.0,57.0,1.0,62.0,2.0,50.0,1.0,52.0,1.0,58.0,1.0,61.0,1.0,62.0,1.0,61.0,1.0,58.0,1.0,76.0,1.0,68.0,2.0,63.0,1.0,67.0,1.0,67.0,1.0,72.0,1.0,68.0,3.0,70.0,1.0,81.0,6.0,65.0,4.0,59.0,2.0,43.0,1.0,47.0,1.0,54.0,1.0
801204.SI,专业连锁Ⅱ,53.0,2.0,60.0,4.0,42.0,2.0,55.0,5.0,55.0,5.0,47.0,0.0,53.0,2.0,62.0,5.0,44.0,2.0,50.0,5.0,41.0,2.0,44.0,2.0,35.0,0.0,41.0,0.0,35.0,0.0,48.0,0.0,40.0,0.0,38.0,0.0,49.0,0.0,48.0,0.0,49.0,0.0,40.0,0.0,50.0,0.0,42.0,0.0,35.0,0.0,21.0,0.0,14.0,0.0,16.0,0.0,22.0,0.0
801203.SI,一般零售,89.0,20.0,91.0,29.0,87.0,21.0,83.0,13.0,79.0,13.0,86.0,15.0,84.0,17.0,79.0,13.0,74.0,10.0,66.0,7.0,74.0,6.0,75.0,7.0,70.0,7.0,70.0,6.0,69.0,5.0,75.0,4.0,71.0,4.0,74.0,5.0,67.0,3.0,68.0,3.0,71.0,4.0,61.0,3.0,74.0,5.0,76.0,8.0,65.0,5.0,54.0,3.0,53.0,3.0,44.0,3.0,52.0,3.0
801202.SI,贸易Ⅱ,79.0,2.0,78.0,2.0,78.0,2.0,73.0,2.0,82.0,4.0,84.0,7.0,90.0,11.0,80.0,4.0,80.0,4.0,81.0,7.0,76.0,2.0,85.0,7.0,77.0,4.0,84.0,2.0,76.0,1.0,77.0,1.0,75.0,1.0,67.0,0.0,78.0,1.0,79.0,2.0,72.0,1.0,56.0,0.0,70.0,0.0,75.0,1.0,73.0,0.0,81.0,1.0,69.0,0.0,62.0,0.0,65.0,0.0
801183.SI,房地产服务,90.0,31.0,81.0,20.0,71.0,10.0,70.0,3.0,63.0,3.0,66.0,3.0,72.0,10.0,62.0,4.0,41.0,4.0,53.0,4.0,61.0,4.0,65.0,4.0,58.0,4.0,54.0,1.0,51.0,1.0,63.0,1.0,66.0,4.0,68.0,4.0,76.0,4.0,70.0,4.0,66.0,1.0,47.0,1.0,77.0,4.0,70.0,4.0,68.0,4.0,54.0,1.0,45.0,1.0,39.0,1.0,42.0,1.0
801181.SI,房地产开发,88.0,4.0,87.0,3.0,79.0,2.0,83.0,2.0,81.0,2.0,82.0,2.0,84.0,3.0,83.0,4.0,77.0,1.0,77.0,3.0,83.0,2.0,77.0,1.0,71.0,1.0,76.0,1.0,75.0,1.0,79.0,1.0,75.0,0.0,76.0,1.0,74.0,1.0,74.0,1.0,75.0,1.0,66.0,0.0,78.0,3.0,73.0,1.0,68.0,3.0,67.0,2.0,64.0,3.0,55.0,3.0,60.0,1.0
801992.SI,航运港口,59.0,17.0,71.0,40.0,66.0,29.0,67.0,27.0,66.0,24.0,67.0,22.0,76.0,31.0,61.0,17.0,61.0,17.0,55.0,15.0,70.0,34.0,74.0,9.0,80.0,52.0,69.0,37.0,62.0,22.0,67.0,25.0,67.0,34.0,67.0,27.0,69.0,39.0,64.0,22.0,60.0,13.0,53.0,10.0,65.0,10.0,59.0,7.0,58.0,15.0,57.0,21.0,54.0,25.0,51.0,15.0,45.0,5.0
801991.SI,航空机场,80.0,13.0,68.0,8.0,69.0,8.0,73.0,7.0,59.0,2.0,60.0,1.0,80.0,10.0,63.0,4.0,63.0,2.0,63.0,4.0,88.0,24.0,89.0,31.0,67.0,4.0,64.0,2.0,73.0,4.0,69.0,1.0,59.0,0.0,64.0,1.0,88.0,20.0,72.0,2.0,68.0,1.0,74.0,5.0,72.0,1.0,62.0,1.0,58.0,0.0,60.0,2.0,54.0,3.0,51.0,2.0,60.0,2.0
801179.SI,铁路公路,64.0,3.0,62.0,4.0,58.0,4.0,52.0,2.0,48.0,2.0,58.0,1.0,58.0,3.0,51.0,2.0,54.0,3.0,48.0,3.0,68.0,3.0,56.0,4.0,43.0,2.0,43.0,1.0,42.0,0.0,51.0,0.0,49.0,0.0,46.0,0.0,35.0,0.0,38.0,0.0,43.0,0.0,31.0,0.0,42.0,0.0,47.0,0.0,37.0,0.0,51.0,1.0,49.0,1.0,39.0,1.0,42.0,1.0
801178.SI,物流,46.0,2.0,48.0,3.0,38.0,2.0,43.0,2.0,36.0,2.0,40.0,1.0,42.0,2.0,31.0,1.0,29.0,1.0,27.0,0.0,38.0,1.0,42.0,3.0,38.0,2.0,29.0,0.0,35.0,1.0,53.0,1.0,39.0,1.0,35.0,1.0,36.0,1.0,40.0,1.0,47.0,1.0,45.0,3.0,73.0,5.0,67.0,8.0,56.0,5.0,56.0,6.0,39.0,4.0,34.0,3.0,36.0,3.0
801163.SI,燃气Ⅱ,77.0,27.0,96.0,59.0,98.0,49.0,98.0,41.0,96.0,37.0,96.0,37.0,98.0,46.0,94.0,41.0,92.0,56.0,91.0,61.0,92.0,53.0,92.0,49.0,85.0,41.0,97.0,46.0,93.0,37.0,79.0,41.0,81.0,53.0,72.0,41.0,75.0,37.0,75.0,32.0,79.0,50.0,75.0,53.0,78.0,56.0,71.0,46.0,69.0,50.0,62.0,37.0,64.0,53.0,56.0,46.0,61.0,46.0
801161.SI,电力,100.0,97.0,100.0,99.0,100.0,98.0,100.0,97.0,99.0,97.0,99.0,95.0,97.0,90.0,96.0,89.0,96.0,87.0,93.0,83.0,95.0,78.0,93.0,78.0,93.0,78.0,93.0,78.0,96.0,79.0,92.0,62.0,90.0,55.0,90.0,56.0,89.0,48.0,91.0,55.0,89.0,45.0,83.0,37.0,88.0,36.0,90.0,53.0,83.0,34.0,80.0,32.0,77.0,47.0,68.0,35.0,76.0,32.0
801156.SI,医疗服务,70.0,49.0,63.0,50.0,62.0,47.0,59.0,44.0,51.0,44.0,56.0,44.0,63.0,47.0,51.0,50.0,51.0,48.0,46.0,45.0,67.0,50.0,61.0,45.0,48.0,41.0,45.0,41.0,70.0,50.0,78.0,49.0,84.0,54.0,88.0,73.0,86.0,61.0,81.0,56.0,93.0,78.0,91.0,71.0,95.0,79.0,93.0,72.0,90.0,68.0,95.0,86.0,91.0,80.0,87.0,69.0,88.0,65.0
801153.SI,医疗器械,53.0,40.0,46.0,47.0,40.0,42.0,41.0,33.0,33.0,34.0,41.0,34.0,45.0,38.0,35.0,35.0,33.0,30.0,33.0,36.0,54.0,39.0,49.0,30.0,44.0,36.0,40.0,30.0,51.0,34.0,63.0,35.0,63.0,37.0,66.0,38.0,64.0,35.0,54.0,28.0,72.0,45.0,62.0,40.0,73.0,39.0,68.0,43.0,60.0,40.0,65.0,49.0,50.0,45.0,35.0,38.0,42.0,31.0
801154.SI,医药商业,76.0,1.0,73.0,1.0,60.0,0.0,62.0,0.0,57.0,0.0,60.0,0.0,65.0,0.0,52.0,0.0,51.0,0.0,48.0,0.0,59.0,0.0,54.0,0.0,52.0,0.0,47.0,0.0,51.0,0.0,65.0,0.0,80.0,1.0,83.0,1.0,75.0,0.0,63.0,0.0,75.0,0.0,62.0,0.0,72.0,1.0,68.0,1.0,66.0,1.0,66.0,1.0,61.0,1.0,55.0,1.0,65.0,1.0
801152.SI,生物制品,76.0,3.0,70.0,4.0,58.0,1.0,66.0,0.0,61.0,1.0,57.0,0.0,61.0,0.0,43.0,0.0,48.0,0.0,44.0,0.0,71.0,3.0,62.0,1.0,52.0,0.0,49.0,0.0,68.0,1.0,76.0,0.0,85.0,3.0,80.0,3.0,78.0,1.0,68.0,0.0,94.0,9.0,87.0,5.0,95.0,11.0,90.0,8.0,85.0,9.0,93.0,17.0,82.0,13.0,75.0,8.0,74.0,3.0
801155.SI,中药Ⅱ,58.0,1.0,52.0,1.0,42.0,1.0,38.0,0.0,30.0,0.0,36.0,0.0,41.0,0.0,30.0,0.0,30.0,0.0,30.0,0.0,42.0,0.0,49.0,0.0,38.0,0.0,33.0,0.0,55.0,0.0,70.0,0.0,70.0,1.0,63.0,1.0,57.0,0.0,54.0,0.0,71.0,2.0,65.0,1.0,73.0,1.0,69.0,1.0,68.0,1.0,69.0,2.0,51.0,2.0,48.0,1.0,62.0,1.0
801151.SI,化学制药,71.0,7.0,65.0,7.0,57.0,2.0,53.0,0.0,48.0,1.0,59.0,1.0,61.0,1.0,50.0,1.0,45.0,1.0,44.0,0.0,62.0,1.0,61.0,1.0,54.0,0.0,49.0,0.0,62.0,2.0,74.0,2.0,86.0,14.0,86.0,20.0,82.0,7.0,76.0,2.0,92.0,37.0,87.0,23.0,94.0,45.0,94.0,55.0,93.0,63.0,97.0,83.0,88.0,71.0,82.0,53.0,83.0,38.0
801145.SI,文娱用品,73.0,53.0,76.0,59.0,73.0,53.0,72.0,46.0,63.0,46.0,71.0,39.0,66.0,39.0,65.0,39.0,66.0,53.0,62.0,39.0,60.0,24.0,59.0,31.0,55.0,24.0,62.0,46.0,54.0,24.0,59.0,18.0,54.0,18.0,52.0,18.0,51.0,14.0,46.0,14.0,54.0,18.0,44.0,14.0,53.0,14.0,52.0,14.0,52.0,14.0,47.0,18.0,41.0,18.0,31.0,14.0,34.0,14.0
801142.SI,家居用品,77.0,1.0,74.0,1.0,68.0,1.0,70.0,0.0,64.0,0.0,72.0,0.0,73.0,2.0,57.0,0.0,57.0,0.0,61.0,0.0,72.0,0.0,71.0,0.0,69.0,0.0,65.0,0.0,74.0,0.0,79.0,0.0,75.0,0.0,75.0,0.0,73.0,0.0,78.0,0.0,75.0,0.0,61.0,0.0,75.0,0.0,80.0,1.0,81.0,1.0,68.0,0.0,63.0,1.0,65.0,1.0,69.0,0.0
801141.SI,包装印刷,69.0,6.0,68.0,4.0,72.0,8.0,74.0,6.0,72.0,9.0,81.0,32.0,76.0,23.0,70.0,28.0,75.0,30.0,74.0,34.0,74.0,9.0,72.0,11.0,66.0,4.0,80.0,16.0,77.0,11.0,83.0,8.0,82.0,10.0,78.0,8.0,77.0,4.0,77.0,6.0,83.0,14.0,78.0,8.0,79.0,5.0,76.0,5.0,68.0,2.0,62.0,2.0,59.0,4.0,51.0,1.0,53.0,1.0
801143.SI,造纸,84.0,1.0,78.0,1.0,83.0,5.0,80.0,3.0,78.0,5.0,78.0,2.0,78.0,2.0,73.0,3.0,67.0,2.0,64.0,1.0,80.0,2.0,73.0,2.0,64.0,0.0,67.0,0.0,69.0,0.0,77.0,0.0,79.0,0.0,77.0,0.0,74.0,0.0,68.0,0.0,74.0,0.0,64.0,0.0,76.0,0.0,75.0,0.0,81.0,1.0,84.0,2.0,73.0,1.0,76.0,1.0,75.0,1.0
801133.SI,饰品,49.0,1.0,48.0,3.0,36.0,1.0,36.0,0.0,47.0,1.0,55.0,1.0,52.0,1.0,43.0,1.0,39.0,0.0,35.0,1.0,57.0,1.0,56.0,3.0,43.0,1.0,35.0,0.0,24.0,0.0,49.0,0.0,43.0,0.0,37.0,0.0,39.0,0.0,40.0,0.0,48.0,0.0,48.0,0.0,68.0,2.0,74.0,4.0,79.0,11.0,72.0,7.0,51.0,2.0,44.0,2.0,54.0,2.0
801132.SI,服装家纺,66.0,0.0,75.0,1.0,71.0,1.0,70.0,0.0,63.0,1.0,61.0,0.0,69.0,1.0,58.0,0.0,53.0,0.0,48.0,1.0,56.0,0.0,66.0,4.0,68.0,2.0,67.0,1.0,70.0,1.0,79.0,1.0,71.0,1.0,73.0,2.0,71.0,0.0,71.0,0.0,69.0,0.0,59.0,0.0,72.0,0.0,65.0,0.0,68.0,1.0,56.0,1.0,49.0,1.0,57.0,2.0,52.0,0.0
801131.SI,纺织制造,80.0,2.0,72.0,2.0,74.0,2.0,66.0,0.0,65.0,1.0,60.0,0.0,62.0,0.0,51.0,0.0,48.0,0.0,47.0,0.0,60.0,0.0,71.0,2.0,65.0,1.0,73.0,4.0,78.0,2.0,73.0,1.0,75.0,1.0,71.0,4.0,70.0,1.0,72.0,2.0,84.0,8.0,70.0,1.0,81.0,4.0,85.0,8.0,90.0,17.0,84.0,8.0,75.0,8.0,67.0,4.0,74.0,4.0
801129.SI,调味发酵品Ⅱ,78.0,16.0,74.0,16.0,70.0,26.0,57.0,6.0,44.0,4.0,68.0,16.0,72.0,27.0,71.0,46.0,65.0,35.0,67.0,43.0,73.0,27.0,70.0,23.0,62.0,16.0,48.0,11.0,63.0,31.0,70.0,23.0,72.0,31.0,64.0,31.0,62.0,11.0,70.0,19.0,74.0,19.0,60.0,11.0,75.0,13.0,67.0,13.0,62.0,11.0,54.0,6.0,50.0,8.0,44.0,6.0,55.0,6.0
801128.SI,休闲食品,69.0,29.0,66.0,31.0,59.0,29.0,62.0,26.0,67.0,29.0,60.0,24.0,52.0,24.0,43.0,20.0,44.0,20.0,60.0,26.0,54.0,20.0,60.0,24.0,56.0,24.0,59.0,24.0,57.0,20.0,59.0,16.0,54.0,20.0,46.0,16.0,50.0,16.0,49.0,16.0,61.0,20.0,53.0,16.0,48.0,16.0,55.0,20.0,39.0,16.0,43.0,16.0,40.0,16.0,29.0,16.0,36.0,16.0
801127.SI,饮料乳品,80.0,3.0,77.0,7.0,72.0,3.0,61.0,1.0,71.0,2.0,68.0,2.0,66.0,2.0,56.0,1.0,49.0,1.0,44.0,0.0,51.0,0.0,51.0,1.0,49.0,1.0,54.0,0.0,65.0,0.0,72.0,1.0,69.0,0.0,57.0,0.0,66.0,0.0,70.0,0.0,70.0,1.0,79.0,2.0,83.0,1.0,78.0,1.0,67.0,0.0,59.0,1.0,69.0,1.0,59.0,1.0,58.0,2.0
801126.SI,非白酒,93.0,11.0,88.0,11.0,84.0,7.0,80.0,5.0,70.0,3.0,72.0,2.0,76.0,4.0,68.0,4.0,81.0,11.0,86.0,7.0,85.0,4.0,81.0,6.0,81.0,4.0,71.0,3.0,83.0,3.0,82.0,2.0,64.0,1.0,64.0,1.0,59.0,0.0,50.0,0.0,69.0,2.0,53.0,1.0,62.0,1.0,65.0,1.0,53.0,0.0,46.0,0.0,44.0,2.0,33.0,0.0,35.0,0.0
801125.SI,白酒Ⅱ,93.0,21.0,89.0,9.0,79.0,6.0,79.0,5.0,70.0,2.0,63.0,1.0,64.0,2.0,54.0,1.0,52.0,4.0,50.0,2.0,55.0,4.0,47.0,2.0,43.0,1.0,53.0,1.0,57.0,4.0,71.0,4.0,65.0,6.0,55.0,2.0,81.0,6.0,67.0,2.0,75.0,7.0,57.0,2.0,70.0,2.0,61.0,2.0,48.0,1.0,50.0,3.0,40.0,2.0,26.0,0.0,25.0,1.0
801124.SI,食品加工,58.0,1.0,65.0,2.0,58.0,2.0,51.0,1.0,43.0,1.0,48.0,0.0,46.0,1.0,46.0,1.0,49.0,2.0,40.0,1.0,54.0,0.0,54.0,1.0,42.0,0.0,54.0,3.0,45.0,0.0,68.0,2.0,63.0,2.0,46.0,0.0,53.0,1.0,55.0,1.0,61.0,1.0,62.0,0.0,60.0,1.0,54.0,1.0,49.0,1.0,47.0,1.0,51.0,1.0,44.0,1.0,45.0,0.0
801117.SI,其他家电Ⅱ,50.0,92.0,44.0,92.0,35.0,93.0,33.0,93.0,37.0,93.0,38.0,93.0,39.0,93.0,23.0,93.0,35.0,93.0,27.0,93.0,24.0,93.0,46.0,93.0,40.0,93.0,44.0,93.0,60.0,93.0,58.0,94.0,42.0,94.0,38.0,94.0,49.0,94.0,38.0,94.0,42.0,94.0,29.0,94.0,38.0,94.0,42.0,94.0,40.0,94.0,32.0,94.0,30.0,94.0,22.0,94.0,27.0,94.0
801116.SI,家电零部件Ⅱ,87.0,83.0,82.0,79.0,73.0,73.0,72.0,70.0,74.0,84.0,83.0,90.0,77.0,87.0,71.0,81.0,74.0,75.0,67.0,73.0,81.0,77.0,77.0,66.0,84.0,75.0,76.0,66.0,80.0,71.0,81.0,64.0,81.0,64.0,77.0,56.0,77.0,56.0,85.0,66.0,87.0,59.0,81.0,75.0,85.0,70.0,83.0,79.0,92.0,96.0,90.0,91.0,82.0,85.0,76.0,80.0,74.0,59.0
801115.SI,照明设备Ⅱ,82.0,50.0,85.0,69.0,79.0,61.0,81.0,61.0,82.0,69.0,76.0,50.0,75.0,50.0,71.0,61.0,76.0,61.0,72.0,61.0,72.0,50.0,75.0,69.0,74.0,61.0,82.0,69.0,82.0,61.0,86.0,69.0,85.0,69.0,79.0,61.0,83.0,69.0,85.0,61.0,85.0,69.0,78.0,61.0,83.0,50.0,83.0,50.0,79.0,50.0,78.0,50.0,59.0,38.0,48.0,26.0,55.0,26.0
801114.SI,厨卫电器,43.0,1.0,50.0,1.0,48.0,1.0,57.0,1.0,47.0,1.0,45.0,1.0,45.0,1.0,47.0,1.0,49.0,1.0,61.0,3.0,76.0,3.0,63.0,1.0,58.0,1.0,65.0,1.0,66.0,1.0,64.0,1.0,60.0,1.0,48.0,1.0,79.0,3.0,70.0,1.0,77.0,3.0,69.0,3.0,74.0,3.0,78.0,3.0,73.0,3.0,78.0,3.0,66.0,3.0,60.0,1.0,64.0,1.0
801113.SI,小家电,73.0,17.0,70.0,17.0,60.0,8.0,49.0,4.0,76.0,17.0,74.0,18.0,67.0,31.0,50.0,8.0,47.0,8.0,51.0,18.0,57.0,18.0,71.0,12.0,72.0,8.0,71.0,12.0,65.0,4.0,80.0,8.0,60.0,2.0,54.0,2.0,57.0,2.0,47.0,1.0,66.0,5.0,57.0,2.0,58.0,2.0,61.0,2.0,61.0,12.0,45.0,5.0,53.0,8.0,49.0,5.0,41.0,1.0
801112.SI,黑色家电,66.0,9.0,52.0,7.0,71.0,9.0,76.0,18.0,68.0,11.0,79.0,14.0,78.0,14.0,72.0,14.0,68.0,14.0,68.0,14.0,75.0,11.0,75.0,11.0,78.0,14.0,70.0,7.0,73.0,7.0,80.0,7.0,73.0,7.0,67.0,5.0,68.0,5.0,70.0,5.0,82.0,12.0,74.0,12.0,82.0,9.0,86.0,15.0,88.0,9.0,84.0,17.0,67.0,19.0,63.0,15.0,75.0,15.0
801111.SI,白色家电,48.0,4.0,59.0,3.0,52.0,2.0,39.0,0.0,36.0,1.0,42.0,0.0,49.0,2.0,29.0,1.0,43.0,3.0,74.0,10.0,79.0,5.0,74.0,6.0,64.0,2.0,81.0,1.0,68.0,2.0,59.0,0.0,54.0,1.0,46.0,0.0,49.0,1.0,65.0,1.0,77.0,7.0,69.0,4.0,70.0,2.0,71.0,4.0,71.0,4.0,76.0,4.0,57.0,3.0,43.0,1.0,41.0,1.0
801096.SI,商用车,55.0,5.0,56.0,2.0,50.0,7.0,53.0,5.0,56.0,11.0,59.0,5.0,66.0,19.0,52.0,4.0,51.0,4.0,47.0,9.0,63.0,5.0,66.0,7.0,63.0,9.0,56.0,5.0,46.0,1.0,55.0,4.0,42.0,0.0,45.0,1.0,43.0,0.0,38.0,0.0,59.0,5.0,31.0,0.0,50.0,0.0,47.0,0.0,57.0,9.0,49.0,2.0,36.0,2.0,29.0,1.0,44.0,7.0
801095.SI,乘用车,57.0,13.0,48.0,6.0,61.0,23.0,42.0,2.0,36.0,2.0,45.0,2.0,49.0,2.0,32.0,1.0,52.0,4.0,53.0,8.0,72.0,9.0,62.0,3.0,40.0,1.0,48.0,5.0,63.0,5.0,65.0,6.0,49.0,2.0,44.0,1.0,53.0,2.0,56.0,3.0,63.0,3.0,38.0,0.0,50.0,0.0,65.0,13.0,81.0,24.0,75.0,4.0,64.0,3.0,48.0,2.0,49.0,0.0
801881.SI,摩托车及其他,69.0,51.0,64.0,57.0,51.0,36.0,65.0,28.0,66.0,36.0,62.0,28.0,60.0,44.0,51.0,44.0,55.0,36.0,44.0,36.0,43.0,37.0,40.0,28.0,43.0,37.0,33.0,20.0,32.0,20.0,52.0,28.0,38.0,20.0,53.0,37.0,55.0,28.0,55.0,44.0,58.0,37.0,38.0,20.0,50.0,28.0,35.0,20.0,45.0,28.0,57.0,58.0,39.0,37.0,46.0,51.0,43.0,37.0
801092.SI,汽车服务,55.0,2.0,61.0,5.0,49.0,5.0,49.0,5.0,50.0,5.0,55.0,5.0,67.0,8.0,54.0,5.0,54.0,5.0,68.0,12.0,62.0,5.0,63.0,8.0,60.0,8.0,58.0,8.0,68.0,8.0,66.0,5.0,59.0,5.0,65.0,5.0,56.0,2.0,54.0,5.0,60.0,5.0,54.0,5.0,65.0,2.0,73.0,2.0,58.0,2.0,41.0,2.0,38.0,2.0,37.0,2.0,37.0,0.0
801093.SI,汽车零部件,73.0,52.0,61.0,49.0,63.0,59.0,65.0,54.0,62.0,65.0,73.0,66.0,71.0,70.0,61.0,62.0,62.0,65.0,52.0,50.0,60.0,41.0,61.0,47.0,67.0,46.0,65.0,37.0,67.0,44.0,79.0,47.0,69.0,34.0,64.0,33.0,71.0,34.0,66.0,29.0,69.0,33.0,60.0,35.0,69.0,31.0,73.0,45.0,84.0,78.0,78.0,77.0,62.0,65.0,58.0,53.0,55.0,31.0
801086.SI,电子化学品Ⅱ,98.0,100.0,92.0,99.0,92.0,99.0,97.0,100.0,96.0,100.0,97.0,100.0,95.0,100.0,97.0,100.0,98.0,100.0,99.0,100.0,99.0,100.0,98.0,100.0,98.0,100.0,98.0,100.0,98.0,100.0,99.0,100.0,98.0,100.0,98.0,100.0,99.0,100.0,99.0,100.0,100.0,100.0,99.0,100.0,99.0,100.0,99.0,100.0,98.0,100.0,97.0,100.0,93.0,99.0,92.0,100.0,95.0,100.0
801085.SI,消费电子,90.0,97.0,89.0,95.0,93.0,97.0,97.0,98.0,92.0,95.0,96.0,97.0,86.0,91.0,79.0,90.0,78.0,85.0,72.0,82.0,85.0,80.0,86.0,86.0,89.0,91.0,81.0,90.0,81.0,96.0,88.0,92.0,80.0,91.0,84.0,96.0,86.0,93.0,83.0,93.0,86.0,89.0,79.0,90.0,78.0,86.0,76.0,81.0,72.0,84.0,73.0,79.0,59.0,79.0,57.0,84.0,70.0,86.0
801082.SI,其他电子Ⅱ,97.0,67.0,91.0,58.0,95.0,81.0,95.0,77.0,94.0,81.0,95.0,73.0,90.0,58.0,92.0,75.0,90.0,69.0,87.0,65.0,94.0,76.0,91.0,74.0,90.0,61.0,95.0,83.0,93.0,83.0,96.0,77.0,94.0,89.0,90.0,84.0,94.0,89.0,93.0,75.0,94.0,72.0,91.0,71.0,91.0,62.0,90.0,63.0,84.0,51.0,91.0,71.0,86.0,77.0,84.0,75.0,90.0,76.0
801084.SI,光学光电子,99.0,89.0,95.0,85.0,94.0,82.0,98.0,94.0,97.0,95.0,99.0,98.0,99.0,97.0,95.0,96.0,96.0,93.0,95.0,92.0,97.0,86.0,96.0,87.0,97.0,90.0,98.0,91.0,98.0,94.0,98.0,89.0,97.0,88.0,97.0,90.0,98.0,95.0,99.0,99.0,99.0,97.0,99.0,99.0,100.0,98.0,99.0,99.0,96.0,95.0,96.0,94.0,88.0,91.0,89.0,93.0,91.0,93.0
801083.SI,元件,100.0,100.0,100.0,100.0,100.0,100.0,100.0,100.0,100.0,100.0,100.0,100.0,99.0,100.0,99.0,100.0,99.0,100.0,99.0,100.0,100.0,100.0,99.0,100.0,100.0,100.0,100.0,100.0,100.0,100.0,100.0,100.0,99.0,99.0,99.0,99.0,100.0,99.0,100.0,99.0,100.0,99.0,99.0,99.0,99.0,99.0,98.0,99.0,97.0,99.0,96.0,99.0,90.0,99.0,90.0,99.0,96.0,99.0
801081.SI,半导体,95.0,100.0,88.0,100.0,82.0,100.0,90.0,100.0,83.0,100.0,85.0,99.0,80.0,99.0,83.0,99.0,86.0,100.0,90.0,100.0,96.0,100.0,92.0,100.0,91.0,99.0,94.0,100.0,94.0,100.0,96.0,100.0,94.0,100.0,95.0,100.0,97.0,100.0,96.0,100.0,98.0,100.0,98.0,100.0,98.0,100.0,97.0,100.0,94.0,100.0,93.0,100.0,89.0,100.0,93.0,100.0,95.0,100.0
801056.SI,能源金属,78.0,50.0,77.0,55.0,73.0,58.0,72.0,47.0,69.0,51.0,78.0,53.0,73.0,55.0,80.0,63.0,81.0,67.0,90.0,79.0,97.0,79.0,95.0,77.0,88.0,69.0,82.0,61.0,82.0,59.0,93.0,68.0,88.0,63.0,86.0,65.0,88.0,62.0,86.0,60.0,82.0,54.0,82.0,56.0,85.0,55.0,76.0,49.0,78.0,54.0,82.0,58.0,79.0,61.0,78.0,61.0,83.0,62.0
801054.SI,小金属,92.0,69.0,84.0,62.0,89.0,69.0,96.0,81.0,90.0,76.0,89.0,72.0,87.0,70.0,85.0,71.0,84.0,70.0,93.0,85.0,98.0,89.0,99.0,89.0,98.0,91.0,99.0,89.0,98.0,88.0,98.0,86.0,99.0,92.0,98.0,89.0,98.0,83.0,97.0,82.0,96.0,81.0,95.0,77.0,95.0,72.0,96.0,81.0,94.0,78.0,91.0,75.0,83.0,69.0,79.0,62.0,86.0,69.0
801053.SI,贵金属,52.0,16.0,42.0,14.0,58.0,29.0,41.0,9.0,35.0,11.0,35.0,6.0,58.0,29.0,49.0,16.0,55.0,26.0,51.0,24.0,79.0,44.0,83.0,56.0,73.0,32.0,60.0,18.0,61.0,24.0,72.0,29.0,79.0,43.0,53.0,16.0,62.0,21.0,53.0,11.0,53.0,9.0,55.0,12.0,47.0,4.0,88.0,46.0,88.0,61.0,96.0,80.0,80.0,48.0,77.0,48.0,78.0,39.0
801055.SI,工业金属,77.0,75.0,71.0,68.0,75.0,89.0,80.0,85.0,78.0,87.0,78.0,75.0,76.0,83.0,64.0,73.0,60.0,70.0,65.0,77.0,88.0,93.0,91.0,98.0,86.0,93.0,87.0,86.0,90.0,93.0,93.0,94.0,94.0,96.0,88.0,88.0,89.0,88.0,87.0,82.0,84.0,75.0,76.0,69.0,80.0,66.0,80.0,80.0,81.0,87.0,79.0,83.0,67.0,67.0,60.0,57.0,72.0,71.0
801051.SI,金属新材料,88.0,25.0,69.0,18.0,74.0,22.0,79.0,21.0,84.0,28.0,93.0,41.0,91.0,41.0,91.0,48.0,90.0,44.0,92.0,51.0,94.0,41.0,91.0,39.0,95.0,53.0,90.0,40.0,93.0,44.0,96.0,47.0,92.0,42.0,89.0,34.0,92.0,38.0,90.0,31.0,90.0,31.0,83.0,27.0,90.0,32.0,92.0,39.0,90.0,42.0,85.0,32.0,74.0,29.0,70.0,25.0,78.0,24.0
801045.SI,特钢Ⅱ,81.0,4.0,66.0,1.0,61.0,2.0,58.0,0.0,63.0,1.0,61.0,1.0,69.0,2.0,57.0,1.0,54.0,1.0,49.0,0.0,66.0,2.0,76.0,8.0,71.0,2.0,56.0,1.0,82.0,4.0,88.0,8.0,77.0,4.0,78.0,1.0,76.0,1.0,65.0,0.0,71.0,1.0,49.0,0.0,63.0,0.0,75.0,0.0,59.0,0.0,48.0,0.0,66.0,1.0,60.0,1.0,64.0,1.0
801044.SI,普钢,58.0,1.0,57.0,1.0,55.0,1.0,50.0,1.0,46.0,1.0,43.0,0.0,57.0,1.0,48.0,1.0,50.0,1.0,43.0,1.0,66.0,3.0,63.0,2.0,51.0,1.0,50.0,0.0,47.0,0.0,58.0,1.0,56.0,2.0,51.0,0.0,53.0,0.0,50.0,0.0,59.0,0.0,51.0,0.0,63.0,0.0,55.0,0.0,47.0,0.0,43.0,0.0,42.0,0.0,40.0,0.0,45.0,1.0
801043.SI,冶钢原料,50.0,19.0,41.0,19.0,41.0,19.0,56.0,27.0,52.0,27.0,66.0,31.0,77.0,49.0,60.0,39.0,55.0,35.0,56.0,43.0,71.0,43.0,68.0,46.0,62.0,35.0,59.0,35.0,58.0,31.0,77.0,39.0,70.0,35.0,65.0,31.0,69.0,35.0,73.0,39.0,67.0,35.0,58.0,27.0,72.0,39.0,73.0,39.0,64.0,35.0,54.0,27.0,44.0,18.0,73.0,35.0,66.0,27.0
801039.SI,非金属材料Ⅱ,93.0,94.0,93.0,95.0,85.0,91.0,90.0,93.0,83.0,90.0,85.0,90.0,86.0,91.0,80.0,93.0,81.0,93.0,86.0,96.0,92.0,96.0,88.0,93.0,86.0,93.0,85.0,94.0,93.0,92.0,96.0,97.0,96.0,98.0,94.0,96.0,95.0,96.0,93.0,94.0,91.0,94.0,86.0,91.0,89.0,90.0,89.0,90.0,87.0,86.0,87.0,89.0,79.0,86.0,84.0,88.0,87.0,88.0
801038.SI,农化制品,43.0,3.0,49.0,8.0,43.0,10.0,45.0,5.0,50.0,22.0,52.0,18.0,59.0,24.0,50.0,19.0,50.0,16.0,66.0,49.0,83.0,63.0,72.0,55.0,67.0,47.0,61.0,31.0,59.0,27.0,81.0,45.0,79.0,45.0,74.0,53.0,82.0,53.0,69.0,43.0,65.0,30.0,56.0,30.0,75.0,34.0,77.0,38.0,70.0,42.0,62.0,28.0,59.0,31.0,47.0,25.0,60.0,22.0
801037.SI,橡胶,78.0,14.0,58.0,2.0,60.0,5.0,63.0,5.0,56.0,5.0,69.0,14.0,65.0,9.0,53.0,14.0,62.0,29.0,62.0,50.0,70.0,34.0,68.0,24.0,69.0,20.0,66.0,25.0,70.0,25.0,84.0,34.0,88.0,51.0,83.0,47.0,83.0,47.0,85.0,51.0,87.0,74.0,74.0,61.0,90.0,68.0,89.0,74.0,82.0,57.0,81.0,54.0,70.0,47.0,67.0,38.0,72.0,43.0
801036.SI,塑料,94.0,96.0,85.0,94.0,85.0,96.0,86.0,96.0,88.0,98.0,95.0,99.0,91.0,99.0,92.0,100.0,95.0,100.0,92.0,100.0,92.0,100.0,94.0,100.0,95.0,100.0,95.0,100.0,93.0,99.0,97.0,99.0,92.0,98.0,91.0,98.0,94.0,99.0,91.0,97.0,93.0,97.0,88.0,95.0,95.0,95.0,95.0,96.0,95.0,98.0,92.0,96.0,86.0,95.0,86.0,95.0,88.0,91.0
801032.SI,化学纤维,86.0,20.0,82.0,20.0,76.0,16.0,84.0,18.0,77.0,18.0,86.0,26.0,83.0,25.0,86.0,31.0,88.0,34.0,79.0,28.0,86.0,25.0,85.0,27.0,85.0,28.0,84.0,27.0,86.0,27.0,84.0,20.0,78.0,20.0,82.0,21.0,89.0,24.0,87.0,26.0,88.0,24.0,84.0,23.0,91.0,24.0,83.0,18.0,87.0,23.0,81.0,21.0,73.0,16.0,69.0,10.0,74.0,6.0
801034.SI,化学制品,82.0,9.0,73.0,14.0,67.0,13.0,67.0,9.0,70.0,13.0,76.0,14.0,74.0,18.0,72.0,20.0,77.0,23.0,84.0,32.0,91.0,32.0,92.0,34.0,90.0,32.0,92.0,33.0,89.0,28.0,93.0,28.0,91.0,31.0,91.0,32.0,90.0,27.0,91.0,27.0,92.0,25.0,88.0,31.0,94.0,31.0,94.0,45.0,90.0,37.0,83.0,32.0,80.0,33.0,79.0,33.0,82.0,28.0
801033.SI,化学原料,73.0,47.0,67.0,45.0,65.0,45.0,57.0,32.0,72.0,71.0,72.0,60.0,79.0,68.0,75.0,70.0,76.0,69.0,89.0,81.0,90.0,74.0,82.0,70.0,81.0,70.0,76.0,63.0,74.0,57.0,87.0,64.0,88.0,77.0,87.0,82.0,85.0,78.0,82.0,73.0,81.0,71.0,76.0,67.0,91.0,78.0,86.0,72.0,77.0,66.0,72.0,62.0,67.0,68.0,62.0,54.0,72.0,47.0
801019.SI,农业综合Ⅱ,30.0,76.0,27.0,76.0,16.0,76.0,11.0,76.0,10.0,76.0,9.0,76.0,18.0,76.0,10.0,76.0,10.0,76.0,26.0,76.0,24.0,76.0,20.0,76.0,9.0,76.0,11.0,76.0,4.0,76.0,31.0,76.0,20.0,76.0,13.0,76.0,36.0,76.0,41.0,76.0,34.0,76.0,24.0,76.0,37.0,76.0,19.0,76.0,12.0,76.0,24.0,76.0,55.0,76.0,54.0,77.0,47.0,77.0
801018.SI,动物保健Ⅱ,57.0,1.0,49.0,1.0,37.0,1.0,32.0,0.0,32.0,0.0,26.0,0.0,51.0,6.0,49.0,1.0,70.0,6.0,59.0,1.0,59.0,1.0,59.0,1.0,65.0,1.0,73.0,6.0,45.0,0.0,89.0,13.0,86.0,13.0,86.0,19.0,85.0,13.0,87.0,19.0,87.0,19.0,83.0,13.0,84.0,13.0,77.0,6.0,86.0,19.0,90.0,31.0,90.0,38.0,80.0,25.0,79.0,19.0
801017.SI,养殖业,43.0,3.0,66.0,6.0,58.0,8.0,49.0,3.0,62.0,12.0,50.0,1.0,68.0,6.0,60.0,4.0,63.0,5.0,67.0,6.0,78.0,14.0,65.0,6.0,46.0,1.0,51.0,2.0,49.0,2.0,65.0,2.0,62.0,5.0,51.0,1.0,51.0,0.0,69.0,14.0,73.0,27.0,57.0,8.0,89.0,32.0,82.0,29.0,80.0,21.0,87.0,46.0,72.0,39.0,55.0,24.0,47.0,10.0
801012.SI,农产品加工,33.0,0.0,51.0,4.0,43.0,1.0,42.0,1.0,34.0,1.0,32.0,0.0,34.0,0.0,29.0,0.0,31.0,0.0,36.0,0.0,39.0,0.0,44.0,1.0,51.0,2.0,67.0,4.0,56.0,2.0,53.0,1.0,41.0,0.0,33.0,0.0,42.0,0.0,33.0,0.0,72.0,4.0,51.0,2.0,67.0,3.0,53.0,2.0,48.0,1.0,38.0,1.0,21.0,0.0,15.0,0.0,20.0,0.0
801014.SI,饲料,68.0,0.0,71.0,1.0,63.0,0.0,55.0,0.0,76.0,0.0,67.0,0.0,67.0,0.0,51.0,0.0,45.0,0.0,43.0,0.0,57.0,1.0,58.0,0.0,57.0,0.0,59.0,0.0,50.0,0.0,59.0,0.0,55.0,0.0,52.0,0.0,49.0,0.0,59.0,0.0,80.0,1.0,59.0,1.0,78.0,1.0,86.0,1.0,79.0,1.0,76.0,2.0,62.0,1.0,57.0,1.0,61.0,1.0
801011.SI,林业Ⅱ,58.0,31.0,60.0,31.0,78.0,44.0,52.0,31.0,91.0,38.0,76.0,31.0,84.0,45.0,73.0,38.0,75.0,45.0,64.0,38.0,64.0,39.0,62.0,31.0,56.0,31.0,54.0,22.0,51.0,22.0,59.0,22.0,63.0,32.0,63.0,32.0,51.0,22.0,47.0,22.0,62.0,23.0,48.0,23.0,72.0,32.0,57.0,23.0,81.0,51.0,73.0,45.0,61.0,39.0,49.0,32.0,49.0,23.0
801015.SI,渔业,45.0,1.0,55.0,4.0,46.0,1.0,33.0,1.0,57.0,4.0,45.0,1.0,48.0,1.0,32.0,1.0,30.0,1.0,21.0,1.0,36.0,1.0,38.0,1.0,30.0,1.0,36.0,1.0,26.0,1.0,39.0,1.0,44.0,1.0,44.0,1.0,35.0,1.0,31.0,1.0,43.0,1.0,33.0,1.0,59.0,1.0,51.0,1.0,39.0,1.0,31.0,1.0,26.0,1.0,25.0,1.0,28.0,1.0
801016.SI,种植业,43.0,0.0,53.0,2.0,47.0,1.0,46.0,1.0,47.0,2.0,39.0,0.0,47.0,1.0,46.0,1.0,36.0,0.0,30.0,0.0,62.0,3.0,57.0,4.0,41.0,0.0,31.0,0.0,39.0,0.0,53.0,1.0,43.0,0.0,53.0,1.0,51.0,0.0,42.0,0.0,46.0,0.0,41.0,0.0,60.0,1.0,58.0,1.0,49.0,1.0,44.0,0.0,33.0,0.0,28.0,0.0,34.0,0.0
