代码,名称,2026-07-21_换手,2026-07-21_成交额拥挤,2026-07-22_换手,2026-07-22_成交额拥挤,2026-07-23_换手,2026-07-23_成交额拥挤,2026-07-24_换手,2026-07-24_成交额拥挤,2026-07-27_换手,2026-07-27_成交额拥挤,2026-07-28_换手,2026-07-28_成交额拥挤,2026-07-29_换手,2026-07-29_成交额拥挤,2026-07-30_换手,2026-07-30_成交额拥挤,2026-07-31_换手,2026-07-31_成交额拥挤,2026-08-03_换手,2026-08-03_成交额拥挤,2026-08-04_换手,2026-08-04_成交额拥挤,2026-08-05_换手,2026-08-05_成交额拥挤,2026-08-06_换手,2026-08-06_成交额拥挤,2026-08-07_换手,2026-08-07_成交额拥挤,2026-08-10_换手,2026-08-10_成交额拥挤,2026-08-11_换手,2026-08-11_成交额拥挤,2026-08-12_换手,2026-08-12_成交额拥挤,2026-08-13_换手,2026-08-13_成交额拥挤,2026-08-14_换手,2026-08-14_成交额拥挤,2026-08-17_换手,2026-08-17_成交额拥挤,2026-08-18_换手,2026-08-18_成交额拥挤,2026-08-19_换手,2026-08-19_成交额拥挤,2026-08-20_换手,2026-08-20_成交额拥挤,2026-08-21_换手,2026-08-21_成交额拥挤,2026-08-24_换手,2026-08-24_成交额拥挤,2026-08-25_换手,2026-08-25_成交额拥挤,2026-08-26_换手,2026-08-26_成交额拥挤,2026-08-27_换手,2026-08-27_成交额拥挤,2026-08-28_换手,2026-08-28_成交额拥挤
801983.SI,医疗美容,62.0,98.0,80.0,100.0,52.0,99.0,52.0,99.0,48.0,99.0,34.0,94.0,36.0,94.0,76.0,100.0,65.0,98.0,38.0,93.0,34.0,86.0,37.0,87.0,39.0,87.0,45.0,87.0,34.0,87.0,25.0,87.0,29.0,87.0,36.0,87.0,25.0,87.0,17.0,74.0,13.0,74.0,16.0,75.0,37.0,88.0,16.0,88.0,3.0,74.0,2.0,74.0,3.0,74.0,1.0,74.0,1.0,26.0
801982.SI,化妆品,87.0,18.0,78.0,18.0,77.0,24.0,77.0,24.0,88.0,43.0,88.0,43.0,84.0,37.0,94.0,50.0,90.0,37.0,78.0,30.0,76.0,30.0,71.0,18.0,70.0,18.0,70.0,13.0,76.0,30.0,69.0,24.0,69.0,24.0,79.0,24.0,71.0,30.0,73.0,24.0,64.0,13.0,66.0,13.0,85.0,55.0,67.0,31.0,68.0,24.0,83.0,74.0,82.0,70.0,84.0,50.0,80.0,37.0
801981.SI,个护用品,82.0,29.0,51.0,9.0,69.0,18.0,51.0,18.0,75.0,29.0,76.0,29.0,78.0,29.0,81.0,29.0,67.0,18.0,59.0,18.0,59.0,18.0,48.0,9.0,52.0,9.0,61.0,9.0,69.0,18.0,60.0,18.0,44.0,9.0,53.0,9.0,50.0,19.0,44.0,9.0,35.0,3.0,41.0,9.0,53.0,9.0,54.0,29.0,55.0,19.0,53.0,29.0,51.0,30.0,42.0,9.0,32.0,9.0
801972.SI,环保设备Ⅱ,90.0,60.0,77.0,50.0,69.0,56.0,62.0,56.0,60.0,50.0,62.0,56.0,67.0,56.0,67.0,50.0,66.0,35.0,72.0,56.0,82.0,88.0,83.0,78.0,74.0,67.0,67.0,60.0,66.0,56.0,73.0,74.0,60.0,64.0,66.0,56.0,61.0,67.0,68.0,71.0,60.0,60.0,62.0,50.0,43.0,35.0,42.0,40.0,45.0,35.0,45.0,40.0,46.0,45.0,44.0,40.0,70.0,56.0
801971.SI,环境治理,85.0,7.0,56.0,4.0,59.0,15.0,46.0,16.0,50.0,16.0,40.0,8.0,53.0,10.0,55.0,7.0,53.0,6.0,56.0,17.0,49.0,9.0,53.0,5.0,52.0,11.0,49.0,4.0,58.0,8.0,43.0,4.0,41.0,7.0,48.0,4.0,46.0,9.0,61.0,15.0,48.0,7.0,46.0,4.0,40.0,9.0,40.0,9.0,47.0,11.0,46.0,17.0,48.0,21.0,47.0,13.0,45.0,9.0
801963.SI,炼化及贸易,87.0,12.0,77.0,13.0,76.0,16.0,74.0,29.0,62.0,14.0,42.0,7.0,55.0,7.0,63.0,11.0,54.0,5.0,59.0,12.0,51.0,6.0,48.0,5.0,53.0,8.0,48.0,4.0,49.0,8.0,42.0,10.0,44.0,8.0,55.0,3.0,53.0,3.0,53.0,2.0,56.0,6.0,68.0,25.0,57.0,26.0,59.0,26.0,84.0,41.0,75.0,27.0,63.0,21.0,65.0,20.0,80.0,32.0
801962.SI,油服工程,96.0,46.0,95.0,53.0,94.0,62.0,98.0,84.0,95.0,55.0,94.0,55.0,93.0,48.0,95.0,53.0,94.0,46.0,90.0,48.0,89.0,43.0,88.0,34.0,88.0,39.0,87.0,34.0,84.0,31.0,96.0,60.0,90.0,50.0,84.0,34.0,73.0,28.0,79.0,28.0,88.0,48.0,89.0,48.0,82.0,46.0,84.0,52.0,79.0,41.0,79.0,46.0,80.0,48.0,73.0,34.0,71.0,31.0
801961.SI,油气开采Ⅱ,86.0,59.0,82.0,59.0,87.0,63.0,86.0,69.0,83.0,66.0,64.0,49.0,72.0,36.0,76.0,50.0,68.0,36.0,53.0,40.0,52.0,29.0,64.0,41.0,52.0,19.0,54.0,19.0,61.0,30.0,76.0,62.0,69.0,53.0,59.0,37.0,46.0,30.0,42.0,19.0,58.0,44.0,58.0,31.0,49.0,39.0,74.0,56.0,68.0,45.0,61.0,49.0,65.0,61.0,59.0,38.0,48.0,19.0
801952.SI,焦炭Ⅱ,69.0,3.0,68.0,3.0,62.0,7.0,52.0,7.0,39.0,3.0,31.0,3.0,45.0,3.0,57.0,3.0,38.0,0.0,42.0,7.0,34.0,3.0,36.0,0.0,83.0,15.0,79.0,11.0,66.0,7.0,59.0,7.0,51.0,7.0,44.0,3.0,35.0,3.0,28.0,0.0,57.0,7.0,97.0,38.0,99.0,58.0,83.0,25.0,92.0,42.0,92.0,49.0,78.0,29.0,80.0,25.0,75.0,21.0
801951.SI,煤炭开采,88.0,20.0,88.0,21.0,84.0,24.0,77.0,21.0,68.0,14.0,66.0,12.0,71.0,11.0,74.0,11.0,69.0,9.0,62.0,15.0,63.0,11.0,58.0,3.0,91.0,31.0,91.0,20.0,83.0,15.0,87.0,20.0,78.0,14.0,72.0,7.0,74.0,14.0,58.0,5.0,72.0,12.0,89.0,21.0,88.0,21.0,80.0,20.0,89.0,36.0,91.0,37.0,85.0,25.0,86.0,25.0,87.0,24.0
801102.SI,通信设备,97.0,100.0,90.0,99.0,81.0,98.0,69.0,96.0,72.0,95.0,77.0,100.0,82.0,98.0,80.0,99.0,85.0,99.0,72.0,96.0,83.0,100.0,93.0,100.0,93.0,99.0,95.0,99.0,88.0,99.0,79.0,96.0,86.0,99.0,94.0,98.0,90.0,99.0,93.0,100.0,89.0,98.0,86.0,98.0,83.0,98.0,87.0,100.0,89.0,100.0,85.0,99.0,86.0,98.0,92.0,100.0,90.0,99.0
801223.SI,通信服务,90.0,73.0,88.0,77.0,81.0,73.0,71.0,72.0,71.0,67.0,76.0,71.0,84.0,71.0,80.0,71.0,88.0,76.0,81.0,76.0,90.0,81.0,92.0,79.0,91.0,75.0,88.0,72.0,74.0,68.0,71.0,69.0,77.0,73.0,93.0,79.0,92.0,88.0,86.0,79.0,79.0,72.0,83.0,73.0,72.0,68.0,62.0,69.0,63.0,69.0,63.0,68.0,57.0,63.0,65.0,65.0,65.0,66.0
801995.SI,电视广播Ⅱ,53.0,4.0,52.0,7.0,41.0,7.0,32.0,7.0,39.0,7.0,44.0,16.0,58.0,13.0,66.0,13.0,81.0,19.0,62.0,19.0,74.0,22.0,69.0,13.0,56.0,10.0,66.0,13.0,63.0,13.0,48.0,10.0,53.0,16.0,78.0,19.0,70.0,22.0,68.0,16.0,53.0,7.0,54.0,7.0,37.0,7.0,27.0,4.0,36.0,7.0,52.0,20.0,37.0,13.0,30.0,4.0,33.0,7.0
801769.SI,出版,60.0,8.0,42.0,6.0,30.0,4.0,29.0,7.0,35.0,8.0,36.0,12.0,57.0,12.0,58.0,12.0,77.0,24.0,70.0,37.0,68.0,30.0,83.0,33.0,77.0,28.0,65.0,24.0,55.0,19.0,48.0,15.0,43.0,15.0,83.0,22.0,69.0,19.0,45.0,10.0,58.0,10.0,62.0,10.0,49.0,10.0,35.0,7.0,36.0,7.0,38.0,11.0,35.0,11.0,39.0,8.0,37.0,10.0
801767.SI,数字媒体,85.0,18.0,68.0,9.0,54.0,9.0,49.0,9.0,47.0,7.0,63.0,18.0,64.0,11.0,64.0,12.0,94.0,48.0,90.0,52.0,93.0,55.0,93.0,45.0,82.0,30.0,77.0,22.0,57.0,7.0,58.0,12.0,65.0,22.0,88.0,46.0,82.0,46.0,61.0,12.0,57.0,9.0,47.0,7.0,44.0,0.0,38.0,5.0,41.0,7.0,47.0,9.0,36.0,7.0,43.0,5.0,65.0,15.0
801766.SI,影视院线,89.0,9.0,76.0,6.0,70.0,6.0,69.0,11.0,75.0,9.0,69.0,8.0,82.0,9.0,86.0,9.0,90.0,18.0,86.0,16.0,90.0,29.0,83.0,11.0,87.0,14.0,79.0,7.0,93.0,24.0,94.0,36.0,97.0,57.0,95.0,34.0,95.0,36.0,74.0,9.0,88.0,12.0,66.0,3.0,77.0,3.0,57.0,2.0,54.0,2.0,63.0,5.0,60.0,5.0,46.0,1.0,66.0,2.0
801765.SI,广告营销,86.0,26.0,65.0,14.0,50.0,8.0,44.0,13.0,60.0,17.0,64.0,29.0,66.0,17.0,83.0,41.0,95.0,75.0,93.0,93.0,96.0,94.0,94.0,88.0,92.0,83.0,91.0,83.0,77.0,72.0,66.0,65.0,92.0,90.0,95.0,92.0,88.0,87.0,71.0,58.0,59.0,39.0,60.0,26.0,38.0,17.0,24.0,15.0,28.0,13.0,34.0,18.0,27.0,10.0,27.0,14.0,59.0,53.0
801764.SI,游戏Ⅱ,67.0,20.0,53.0,18.0,46.0,26.0,31.0,13.0,32.0,5.0,27.0,4.0,66.0,37.0,74.0,41.0,81.0,53.0,66.0,62.0,75.0,50.0,71.0,28.0,81.0,26.0,69.0,15.0,66.0,8.0,63.0,11.0,53.0,6.0,63.0,11.0,71.0,41.0,58.0,22.0,36.0,4.0,38.0,4.0,31.0,17.0,19.0,7.0,19.0,6.0,18.0,5.0,18.0,4.0,21.0,3.0,25.0,6.0
801104.SI,软件开发,82.0,34.0,69.0,33.0,47.0,26.0,40.0,30.0,40.0,17.0,51.0,24.0,64.0,34.0,75.0,39.0,93.0,74.0,83.0,74.0,85.0,66.0,91.0,69.0,88.0,65.0,87.0,54.0,69.0,33.0,69.0,45.0,64.0,41.0,80.0,50.0,71.0,54.0,58.0,33.0,63.0,36.0,63.0,26.0,40.0,21.0,30.0,21.0,30.0,19.0,39.0,23.0,41.0,36.0,47.0,34.0,74.0,56.0
801103.SI,IT服务Ⅱ,76.0,37.0,65.0,51.0,51.0,54.0,43.0,44.0,42.0,31.0,50.0,42.0,55.0,32.0,58.0,25.0,82.0,50.0,69.0,50.0,69.0,44.0,85.0,63.0,77.0,54.0,69.0,39.0,53.0,23.0,52.0,28.0,54.0,34.0,75.0,57.0,70.0,67.0,61.0,44.0,64.0,44.0,60.0,30.0,33.0,23.0,25.0,19.0,31.0,17.0,30.0,17.0,24.0,13.0,35.0,18.0,53.0,30.0
801101.SI,计算机设备,88.0,67.0,68.0,77.0,56.0,71.0,47.0,56.0,62.0,67.0,59.0,53.0,61.0,51.0,63.0,41.0,81.0,47.0,74.0,49.0,77.0,45.0,81.0,51.0,88.0,49.0,82.0,44.0,67.0,32.0,58.0,29.0,55.0,29.0,64.0,62.0,57.0,51.0,58.0,38.0,57.0,39.0,63.0,37.0,45.0,22.0,39.0,22.0,44.0,25.0,46.0,24.0,58.0,31.0,59.0,36.0,57.0,28.0
801745.SI,军工电子Ⅱ,82.0,70.0,73.0,73.0,63.0,72.0,60.0,72.0,62.0,68.0,52.0,57.0,62.0,59.0,61.0,60.0,74.0,65.0,58.0,63.0,57.0,55.0,68.0,59.0,65.0,59.0,81.0,70.0,77.0,67.0,72.0,70.0,52.0,49.0,60.0,53.0,48.0,52.0,53.0,49.0,53.0,58.0,79.0,78.0,52.0,53.0,38.0,45.0,45.0,46.0,36.0,39.0,33.0,34.0,49.0,47.0,43.0,43.0
801744.SI,航海装备Ⅱ,59.0,25.0,51.0,32.0,59.0,42.0,80.0,52.0,74.0,37.0,62.0,39.0,66.0,56.0,57.0,27.0,65.0,37.0,45.0,29.0,45.0,32.0,51.0,35.0,60.0,37.0,57.0,35.0,72.0,39.0,60.0,44.0,35.0,22.0,47.0,20.0,73.0,44.0,67.0,25.0,57.0,20.0,62.0,25.0,31.0,18.0,25.0,32.0,31.0,22.0,49.0,40.0,30.0,32.0,31.0,15.0,37.0,22.0
801743.SI,地面兵装Ⅱ,63.0,5.0,56.0,4.0,87.0,38.0,94.0,70.0,94.0,71.0,89.0,70.0,88.0,51.0,92.0,58.0,89.0,48.0,73.0,38.0,73.0,27.0,75.0,20.0,75.0,27.0,73.0,16.0,93.0,53.0,88.0,51.0,71.0,27.0,74.0,23.0,68.0,27.0,69.0,27.0,53.0,13.0,72.0,23.0,42.0,7.0,25.0,5.0,53.0,13.0,76.0,38.0,75.0,28.0,77.0,23.0,75.0,20.0
801742.SI,航空装备Ⅱ,64.0,18.0,41.0,10.0,47.0,21.0,50.0,30.0,50.0,21.0,37.0,13.0,49.0,19.0,50.0,14.0,54.0,17.0,42.0,24.0,47.0,17.0,50.0,14.0,55.0,21.0,49.0,21.0,51.0,29.0,37.0,20.0,32.0,23.0,39.0,16.0,40.0,21.0,50.0,17.0,48.0,14.0,62.0,26.0,25.0,7.0,18.0,7.0,29.0,14.0,34.0,19.0,33.0,27.0,38.0,24.0,50.0,33.0
801741.SI,航天装备Ⅱ,87.0,38.0,76.0,34.0,72.0,38.0,63.0,31.0,56.0,26.0,53.0,25.0,50.0,21.0,56.0,22.0,60.0,27.0,53.0,34.0,54.0,32.0,55.0,27.0,56.0,34.0,58.0,35.0,66.0,39.0,65.0,47.0,40.0,31.0,43.0,24.0,29.0,20.0,44.0,24.0,45.0,27.0,88.0,74.0,62.0,53.0,34.0,28.0,38.0,28.0,26.0,20.0,16.0,15.0,26.0,17.0,23.0,15.0
801078.SI,自动化设备,90.0,96.0,75.0,96.0,59.0,92.0,52.0,91.0,55.0,90.0,62.0,93.0,73.0,95.0,72.0,95.0,78.0,96.0,67.0,95.0,70.0,96.0,78.0,97.0,76.0,96.0,80.0,97.0,75.0,94.0,73.0,94.0,67.0,96.0,71.0,96.0,59.0,94.0,68.0,96.0,84.0,99.0,77.0,100.0,70.0,95.0,60.0,97.0,69.0,97.0,80.0,99.0,73.0,99.0,77.0,98.0,73.0,97.0
801077.SI,工程机械,78.0,15.0,59.0,5.0,60.0,22.0,52.0,14.0,44.0,5.0,44.0,12.0,59.0,29.0,52.0,17.0,55.0,12.0,54.0,20.0,60.0,24.0,51.0,5.0,43.0,2.0,42.0,2.0,62.0,7.0,62.0,17.0,55.0,16.0,55.0,3.0,58.0,3.0,58.0,2.0,59.0,2.0,67.0,4.0,43.0,1.0,38.0,2.0,43.0,4.0,44.0,10.0,57.0,20.0,59.0,12.0,59.0,16.0
801076.SI,轨交设备Ⅱ,68.0,33.0,52.0,19.0,46.0,19.0,31.0,15.0,28.0,11.0,29.0,19.0,36.0,29.0,40.0,29.0,42.0,22.0,44.0,33.0,38.0,25.0,54.0,15.0,50.0,15.0,44.0,11.0,37.0,11.0,28.0,11.0,28.0,15.0,34.0,11.0,34.0,22.0,34.0,22.0,38.0,26.0,60.0,37.0,44.0,41.0,36.0,26.0,34.0,19.0,44.0,37.0,38.0,37.0,51.0,33.0,41.0,26.0
801074.SI,专用设备,89.0,15.0,70.0,9.0,61.0,7.0,55.0,18.0,55.0,13.0,56.0,16.0,62.0,12.0,65.0,11.0,70.0,13.0,65.0,17.0,65.0,15.0,71.0,14.0,70.0,14.0,75.0,20.0,72.0,18.0,65.0,14.0,58.0,17.0,68.0,17.0,63.0,19.0,71.0,18.0,70.0,23.0,75.0,18.0,63.0,13.0,65.0,20.0,65.0,19.0,69.0,29.0,64.0,31.0,71.0,34.0,71.0,26.0
801072.SI,通用设备,92.0,84.0,74.0,72.0,64.0,75.0,52.0,73.0,59.0,72.0,63.0,81.0,70.0,76.0,77.0,77.0,79.0,79.0,75.0,89.0,79.0,92.0,82.0,89.0,77.0,87.0,78.0,86.0,73.0,80.0,77.0,87.0,73.0,90.0,80.0,90.0,73.0,89.0,78.0,90.0,81.0,95.0,83.0,91.0,67.0,86.0,63.0,85.0,64.0,85.0,69.0,94.0,68.0,93.0,73.0,93.0,72.0,88.0
801738.SI,电网设备,86.0,38.0,69.0,20.0,91.0,90.0,89.0,92.0,88.0,82.0,81.0,70.0,88.0,72.0,87.0,63.0,85.0,54.0,89.0,86.0,92.0,86.0,92.0,73.0,86.0,60.0,78.0,40.0,88.0,63.0,80.0,52.0,73.0,51.0,88.0,65.0,78.0,65.0,79.0,61.0,77.0,58.0,78.0,43.0,65.0,42.0,63.0,65.0,65.0,53.0,64.0,46.0,63.0,58.0,70.0,61.0,70.0,76.0
801737.SI,电池,82.0,78.0,69.0,71.0,73.0,84.0,60.0,79.0,71.0,87.0,69.0,80.0,78.0,82.0,73.0,79.0,72.0,75.0,59.0,68.0,63.0,69.0,71.0,71.0,68.0,77.0,69.0,74.0,70.0,78.0,60.0,73.0,57.0,76.0,64.0,70.0,64.0,77.0,67.0,75.0,62.0,71.0,65.0,71.0,48.0,69.0,52.0,80.0,69.0,77.0,68.0,82.0,64.0,78.0,66.0,74.0,57.0,73.0
801736.SI,风电设备,74.0,43.0,55.0,35.0,63.0,63.0,60.0,68.0,57.0,57.0,70.0,72.0,69.0,61.0,68.0,55.0,65.0,48.0,78.0,80.0,67.0,66.0,67.0,57.0,62.0,64.0,59.0,61.0,60.0,63.0,53.0,71.0,47.0,63.0,52.0,59.0,45.0,50.0,40.0,42.0,46.0,53.0,70.0,86.0,50.0,16.0,38.0,59.0,46.0,59.0,53.0,53.0,42.0,48.0,38.0,35.0,50.0,40.0
801735.SI,光伏设备,74.0,58.0,55.0,61.0,56.0,66.0,38.0,62.0,36.0,55.0,36.0,57.0,51.0,62.0,56.0,60.0,56.0,55.0,58.0,62.0,53.0,58.0,51.0,55.0,50.0,56.0,57.0,62.0,51.0,57.0,50.0,64.0,62.0,67.0,59.0,61.0,38.0,56.0,54.0,60.0,54.0,63.0,55.0,61.0,35.0,34.0,35.0,57.0,53.0,62.0,42.0,59.0,37.0,59.0,50.0,68.0,54.0,63.0
801733.SI,其他电源设备Ⅱ,82.0,19.0,61.0,19.0,57.0,20.0,42.0,16.0,50.0,18.0,65.0,22.0,64.0,22.0,61.0,17.0,67.0,17.0,58.0,24.0,67.0,27.0,70.0,22.0,60.0,19.0,60.0,18.0,59.0,19.0,70.0,23.0,67.0,26.0,75.0,32.0,54.0,22.0,77.0,26.0,72.0,21.0,74.0,20.0,53.0,18.0,46.0,21.0,48.0,18.0,43.0,16.0,56.0,21.0,59.0,20.0,62.0,25.0
801731.SI,电机Ⅱ,67.0,45.0,42.0,30.0,28.0,37.0,34.0,45.0,35.0,41.0,27.0,37.0,42.0,45.0,42.0,45.0,56.0,62.0,41.0,77.0,47.0,77.0,56.0,75.0,43.0,67.0,44.0,64.0,36.0,55.0,38.0,69.0,26.0,58.0,43.0,53.0,39.0,58.0,40.0,51.0,48.0,76.0,51.0,65.0,28.0,62.0,18.0,50.0,25.0,48.0,36.0,66.0,29.0,60.0,26.0,41.0,21.0,37.0
801726.SI,工程咨询服务Ⅱ,79.0,78.0,62.0,81.0,67.0,80.0,62.0,85.0,66.0,81.0,74.0,96.0,76.0,93.0,73.0,87.0,77.0,89.0,73.0,93.0,70.0,90.0,74.0,92.0,72.0,93.0,66.0,89.0,65.0,83.0,70.0,92.0,75.0,98.0,77.0,97.0,71.0,96.0,72.0,94.0,69.0,92.0,73.0,90.0,64.0,87.0,56.0,86.0,65.0,85.0,68.0,84.0,69.0,84.0,71.0,85.0,74.0,83.0
801724.SI,专业工程,90.0,18.0,65.0,10.0,59.0,11.0,59.0,16.0,57.0,15.0,48.0,10.0,56.0,13.0,64.0,13.0,67.0,12.0,66.0,29.0,69.0,20.0,70.0,12.0,71.0,15.0,64.0,9.0,67.0,13.0,54.0,10.0,46.0,9.0,59.0,10.0,44.0,6.0,49.0,6.0,54.0,15.0,58.0,9.0,54.0,10.0,52.0,10.0,55.0,14.0,49.0,15.0,53.0,17.0,47.0,9.0,57.0,16.0
801723.SI,基础建设,66.0,2.0,42.0,1.0,38.0,3.0,32.0,3.0,32.0,1.0,43.0,3.0,47.0,3.0,46.0,2.0,44.0,1.0,47.0,6.0,46.0,8.0,50.0,2.0,43.0,1.0,38.0,0.0,40.0,0.0,31.0,0.0,40.0,1.0,45.0,1.0,29.0,0.0,33.0,0.0,27.0,0.0,32.0,0.0,24.0,0.0,20.0,0.0,26.0,0.0,28.0,1.0,41.0,3.0,44.0,1.0,40.0,1.0
801722.SI,装修装饰Ⅱ,95.0,23.0,78.0,11.0,69.0,15.0,67.0,23.0,67.0,18.0,67.0,18.0,75.0,19.0,75.0,19.0,83.0,23.0,76.0,31.0,78.0,27.0,77.0,19.0,76.0,19.0,86.0,31.0,85.0,31.0,80.0,27.0,85.0,41.0,88.0,38.0,92.0,65.0,94.0,65.0,95.0,73.0,84.0,47.0,83.0,61.0,77.0,58.0,77.0,47.0,75.0,47.0,87.0,72.0,91.0,63.0,85.0,49.0
801721.SI,房屋建设Ⅱ,77.0,6.0,68.0,3.0,60.0,2.0,64.0,3.0,58.0,6.0,67.0,7.0,65.0,5.0,63.0,5.0,65.0,5.0,59.0,8.0,56.0,5.0,52.0,1.0,47.0,1.0,46.0,1.0,42.0,1.0,57.0,1.0,75.0,2.0,90.0,5.0,87.0,5.0,75.0,3.0,79.0,2.0,73.0,3.0,77.0,7.0,73.0,5.0,77.0,9.0,67.0,9.0,64.0,5.0,71.0,3.0,68.0,4.0
801713.SI,装修建材,88.0,3.0,61.0,0.0,51.0,0.0,35.0,0.0,49.0,0.0,43.0,0.0,56.0,2.0,52.0,1.0,45.0,0.0,52.0,2.0,46.0,1.0,51.0,0.0,48.0,0.0,47.0,0.0,52.0,1.0,43.0,0.0,39.0,2.0,48.0,1.0,32.0,1.0,35.0,0.0,35.0,0.0,48.0,3.0,49.0,0.0,45.0,7.0,38.0,3.0,44.0,1.0,35.0,3.0,28.0,0.0,23.0,1.0
801712.SI,玻璃玻纤,88.0,98.0,81.0,99.0,73.0,98.0,59.0,97.0,80.0,100.0,77.0,99.0,87.0,100.0,86.0,100.0,89.0,100.0,82.0,100.0,82.0,99.0,87.0,99.0,91.0,100.0,93.0,100.0,87.0,100.0,77.0,100.0,76.0,99.0,78.0,99.0,76.0,100.0,80.0,99.0,78.0,99.0,78.0,98.0,68.0,98.0,63.0,98.0,68.0,99.0,59.0,98.0,52.0,96.0,64.0,98.0,74.0,99.0
801711.SI,水泥,54.0,2.0,24.0,0.0,31.0,2.0,27.0,3.0,23.0,2.0,19.0,2.0,39.0,4.0,34.0,3.0,30.0,2.0,34.0,4.0,27.0,4.0,23.0,0.0,38.0,3.0,50.0,4.0,45.0,4.0,53.0,6.0,35.0,3.0,30.0,2.0,15.0,0.0,20.0,0.0,12.0,0.0,22.0,0.0,18.0,1.0,13.0,1.0,23.0,3.0,16.0,1.0,24.0,4.0,18.0,3.0,15.0,2.0
801231.SI,综合Ⅱ,78.0,11.0,63.0,8.0,73.0,14.0,64.0,14.0,62.0,11.0,66.0,15.0,67.0,8.0,71.0,8.0,73.0,10.0,66.0,14.0,63.0,14.0,61.0,10.0,58.0,7.0,55.0,3.0,60.0,5.0,57.0,5.0,63.0,11.0,63.0,11.0,80.0,25.0,71.0,20.0,72.0,20.0,88.0,20.0,92.0,22.0,80.0,15.0,72.0,11.0,77.0,16.0,70.0,11.0,74.0,14.0,75.0,10.0
801191.SI,多元金融,67.0,10.0,48.0,5.0,35.0,4.0,32.0,5.0,29.0,2.0,28.0,2.0,52.0,7.0,47.0,7.0,44.0,5.0,32.0,4.0,27.0,2.0,30.0,0.0,39.0,5.0,36.0,1.0,31.0,1.0,23.0,1.0,29.0,2.0,31.0,1.0,22.0,1.0,21.0,0.0,23.0,0.0,19.0,1.0,26.0,0.0,28.0,10.0,37.0,12.0,54.0,41.0,70.0,39.0,73.0,26.0,69.0,16.0
801194.SI,保险Ⅱ,86.0,34.0,82.0,26.0,70.0,20.0,73.0,33.0,61.0,14.0,57.0,13.0,65.0,18.0,74.0,28.0,71.0,21.0,68.0,26.0,72.0,25.0,70.0,11.0,61.0,6.0,57.0,2.0,56.0,5.0,64.0,10.0,38.0,3.0,47.0,2.0,52.0,7.0,37.0,1.0,37.0,2.0,48.0,5.0,32.0,2.0,61.0,31.0,73.0,39.0,55.0,21.0,74.0,38.0,68.0,16.0,56.0,8.0
801193.SI,证券Ⅱ,57.0,6.0,38.0,2.0,33.0,6.0,31.0,11.0,22.0,3.0,22.0,3.0,40.0,6.0,41.0,5.0,36.0,4.0,31.0,3.0,23.0,2.0,30.0,2.0,22.0,1.0,15.0,1.0,12.0,0.0,11.0,1.0,14.0,1.0,33.0,3.0,17.0,2.0,12.0,1.0,18.0,1.0,17.0,1.0,6.0,0.0,3.0,0.0,11.0,1.0,6.0,1.0,56.0,29.0,62.0,16.0,43.0,3.0
801785.SI,农商行Ⅱ,60.0,30.0,51.0,16.0,28.0,9.0,25.0,16.0,34.0,23.0,38.0,23.0,50.0,30.0,62.0,48.0,56.0,30.0,54.0,48.0,47.0,36.0,38.0,16.0,42.0,16.0,43.0,16.0,35.0,9.0,23.0,9.0,16.0,5.0,22.0,5.0,27.0,23.0,17.0,5.0,12.0,2.0,44.0,23.0,45.0,30.0,29.0,23.0,50.0,36.0,36.0,30.0,50.0,43.0,56.0,43.0,29.0,16.0
801784.SI,城商行Ⅱ,69.0,42.0,55.0,26.0,34.0,28.0,30.0,28.0,39.0,30.0,41.0,38.0,51.0,36.0,60.0,49.0,65.0,56.0,60.0,56.0,54.0,41.0,45.0,26.0,43.0,20.0,39.0,16.0,37.0,20.0,22.0,10.0,22.0,12.0,20.0,9.0,26.0,18.0,26.0,14.0,35.0,21.0,55.0,42.0,57.0,60.0,36.0,36.0,44.0,47.0,53.0,49.0,49.0,47.0,49.0,41.0,51.0,32.0
801783.SI,股份制银行Ⅱ,78.0,17.0,60.0,6.0,52.0,7.0,54.0,15.0,56.0,8.0,62.0,19.0,66.0,16.0,81.0,34.0,78.0,24.0,66.0,23.0,64.0,16.0,67.0,7.0,54.0,4.0,51.0,2.0,42.0,1.0,32.0,1.0,33.0,1.0,34.0,0.0,36.0,1.0,39.0,2.0,33.0,1.0,66.0,13.0,60.0,9.0,38.0,3.0,64.0,18.0,62.0,16.0,58.0,15.0,66.0,10.0,52.0,9.0
801782.SI,国有大型银行Ⅱ,88.0,48.0,81.0,31.0,67.0,21.0,77.0,50.0,78.0,43.0,88.0,73.0,85.0,55.0,88.0,69.0,91.0,74.0,88.0,72.0,89.0,70.0,88.0,51.0,87.0,50.0,79.0,25.0,77.0,21.0,75.0,28.0,75.0,35.0,81.0,33.0,68.0,25.0,62.0,8.0,81.0,38.0,87.0,55.0,78.0,48.0,68.0,35.0,81.0,50.0,77.0,50.0,71.0,37.0,78.0,41.0,64.0,17.0
801994.SI,教育,61.0,2.0,57.0,2.0,49.0,3.0,26.0,2.0,39.0,3.0,53.0,4.0,74.0,6.0,88.0,14.0,92.0,14.0,79.0,10.0,87.0,12.0,94.0,24.0,94.0,21.0,89.0,10.0,85.0,8.0,75.0,6.0,79.0,10.0,81.0,6.0,70.0,6.0,70.0,5.0,77.0,7.0,84.0,6.0,80.0,8.0,61.0,7.0,81.0,11.0,78.0,12.0,69.0,11.0,74.0,8.0,78.0,11.0
801993.SI,旅游及景区,61.0,2.0,49.0,1.0,44.0,2.0,45.0,3.0,59.0,6.0,55.0,5.0,60.0,5.0,72.0,8.0,60.0,4.0,54.0,5.0,50.0,3.0,48.0,1.0,41.0,1.0,50.0,2.0,52.0,3.0,50.0,3.0,62.0,8.0,51.0,3.0,45.0,3.0,32.0,1.0,37.0,1.0,42.0,1.0,66.0,9.0,66.0,9.0,70.0,11.0,86.0,32.0,83.0,36.0,73.0,13.0,81.0,19.0
801219.SI,酒店餐饮,61.0,3.0,40.0,2.0,30.0,2.0,34.0,2.0,82.0,10.0,87.0,16.0,91.0,10.0,96.0,22.0,94.0,16.0,90.0,16.0,84.0,10.0,81.0,6.0,69.0,3.0,67.0,2.0,80.0,10.0,75.0,6.0,76.0,6.0,70.0,3.0,64.0,3.0,49.0,2.0,55.0,3.0,51.0,2.0,56.0,4.0,54.0,4.0,40.0,2.0,75.0,11.0,86.0,16.0,84.0,11.0,78.0,7.0
801218.SI,专业服务,86.0,67.0,75.0,57.0,69.0,57.0,60.0,62.0,61.0,57.0,67.0,62.0,72.0,71.0,81.0,67.0,86.0,71.0,76.0,75.0,78.0,67.0,83.0,62.0,84.0,71.0,80.0,67.0,81.0,71.0,68.0,57.0,71.0,62.0,75.0,62.0,66.0,67.0,76.0,84.0,79.0,79.0,83.0,71.0,59.0,52.0,50.0,62.0,68.0,67.0,64.0,62.0,59.0,57.0,77.0,67.0,72.0,62.0
801216.SI,体育Ⅱ,75.0,18.0,67.0,19.0,96.0,78.0,93.0,61.0,83.0,38.0,88.0,61.0,86.0,38.0,83.0,39.0,79.0,39.0,64.0,40.0,75.0,41.0,65.0,18.0,55.0,19.0,56.0,19.0,66.0,20.0,34.0,21.0,41.0,21.0,44.0,22.0,39.0,23.0,25.0,23.0,26.0,24.0,36.0,25.0,24.0,25.0,15.0,26.0,22.0,26.0,38.0,27.0,30.0,28.0,22.0,28.0,29.0,29.0
801207.SI,旅游零售Ⅱ,86.0,69.0,91.0,92.0,74.0,69.0,75.0,77.0,74.0,69.0,84.0,91.0,91.0,94.0,92.0,94.0,82.0,75.0,73.0,75.0,79.0,83.0,79.0,65.0,78.0,65.0,79.0,49.0,73.0,50.0,60.0,34.0,68.0,50.0,69.0,34.0,69.0,51.0,60.0,12.0,54.0,2.0,65.0,13.0,60.0,14.0,51.0,15.0,42.0,2.0,63.0,37.0,55.0,38.0,44.0,3.0,55.0,16.0
801206.SI,互联网电商,85.0,9.0,67.0,4.0,62.0,5.0,61.0,7.0,83.0,21.0,83.0,24.0,81.0,14.0,88.0,16.0,86.0,14.0,72.0,14.0,79.0,16.0,80.0,11.0,73.0,9.0,76.0,9.0,69.0,7.0,61.0,7.0,63.0,11.0,63.0,5.0,57.0,5.0,48.0,3.0,46.0,2.0,69.0,4.0,59.0,5.0,50.0,5.0,44.0,3.0,47.0,7.0,50.0,9.0,55.0,7.0,51.0,4.0
801204.SI,专业连锁Ⅱ,70.0,5.0,54.0,3.0,40.0,3.0,31.0,3.0,21.0,1.0,24.0,1.0,61.0,9.0,65.0,9.0,68.0,6.0,39.0,3.0,47.0,3.0,49.0,3.0,35.0,1.0,32.0,1.0,44.0,3.0,55.0,10.0,33.0,3.0,38.0,3.0,26.0,1.0,20.0,1.0,14.0,1.0,27.0,1.0,15.0,1.0,12.0,1.0,11.0,1.0,17.0,1.0,21.0,3.0,12.0,1.0,25.0,3.0
801203.SI,一般零售,82.0,12.0,68.0,9.0,61.0,11.0,53.0,11.0,55.0,8.0,62.0,17.0,81.0,30.0,88.0,38.0,82.0,22.0,72.0,21.0,71.0,14.0,71.0,11.0,66.0,11.0,67.0,8.0,72.0,11.0,65.0,13.0,71.0,18.0,76.0,14.0,67.0,15.0,63.0,13.0,73.0,20.0,76.0,14.0,67.0,17.0,61.0,16.0,60.0,14.0,80.0,36.0,76.0,28.0,70.0,15.0,78.0,21.0
801202.SI,贸易Ⅱ,58.0,0.0,38.0,0.0,42.0,1.0,36.0,1.0,36.0,1.0,41.0,1.0,45.0,1.0,39.0,1.0,35.0,0.0,36.0,1.0,28.0,0.0,37.0,0.0,38.0,1.0,33.0,0.0,41.0,1.0,40.0,2.0,28.0,1.0,35.0,0.0,25.0,0.0,27.0,0.0,20.0,0.0,27.0,0.0,33.0,1.0,26.0,1.0,31.0,1.0,30.0,1.0,55.0,3.0,55.0,1.0,79.0,5.0
801183.SI,房地产服务,71.0,4.0,61.0,4.0,61.0,11.0,42.0,11.0,59.0,11.0,49.0,11.0,56.0,11.0,55.0,11.0,45.0,4.0,43.0,11.0,45.0,4.0,50.0,4.0,50.0,4.0,55.0,4.0,70.0,21.0,53.0,11.0,74.0,42.0,63.0,11.0,52.0,11.0,38.0,4.0,23.0,1.0,90.0,60.0,96.0,21.0,81.0,42.0,61.0,21.0,78.0,52.0,63.0,42.0,56.0,21.0,78.0,52.0
801181.SI,房地产开发,77.0,0.0,63.0,0.0,57.0,0.0,53.0,0.0,63.0,0.0,65.0,1.0,73.0,3.0,70.0,2.0,70.0,1.0,65.0,2.0,62.0,1.0,66.0,0.0,64.0,0.0,63.0,0.0,67.0,0.0,54.0,0.0,78.0,5.0,80.0,3.0,73.0,3.0,63.0,1.0,59.0,0.0,66.0,1.0,74.0,3.0,60.0,2.0,54.0,1.0,62.0,1.0,58.0,2.0,53.0,1.0,66.0,2.0
801992.SI,航运港口,71.0,25.0,63.0,38.0,62.0,41.0,55.0,44.0,51.0,32.0,49.0,34.0,60.0,29.0,62.0,38.0,54.0,23.0,55.0,41.0,55.0,36.0,55.0,34.0,51.0,21.0,41.0,9.0,53.0,17.0,50.0,40.0,44.0,25.0,45.0,13.0,42.0,13.0,52.0,25.0,48.0,17.0,75.0,49.0,76.0,59.0,74.0,73.0,77.0,67.0,75.0,64.0,69.0,58.0,67.0,41.0,70.0,50.0
801991.SI,航空机场,68.0,3.0,53.0,1.0,50.0,3.0,38.0,2.0,54.0,4.0,49.0,6.0,56.0,6.0,56.0,6.0,49.0,1.0,40.0,3.0,45.0,3.0,53.0,3.0,40.0,0.0,41.0,0.0,29.0,0.0,46.0,3.0,25.0,0.0,20.0,0.0,28.0,0.0,17.0,0.0,19.0,0.0,32.0,0.0,26.0,0.0,21.0,0.0,28.0,1.0,26.0,1.0,41.0,5.0,31.0,1.0,31.0,0.0
801179.SI,铁路公路,74.0,10.0,60.0,4.0,56.0,5.0,46.0,5.0,41.0,4.0,58.0,10.0,60.0,9.0,64.0,10.0,64.0,10.0,64.0,14.0,58.0,9.0,59.0,5.0,69.0,7.0,58.0,4.0,61.0,5.0,62.0,9.0,62.0,10.0,60.0,4.0,55.0,5.0,53.0,3.0,38.0,3.0,49.0,3.0,57.0,5.0,44.0,7.0,64.0,9.0,62.0,16.0,61.0,16.0,62.0,11.0,53.0,5.0
801178.SI,物流,60.0,5.0,44.0,4.0,45.0,4.0,21.0,3.0,35.0,4.0,28.0,5.0,46.0,6.0,45.0,5.0,41.0,4.0,41.0,6.0,36.0,5.0,35.0,3.0,36.0,4.0,28.0,3.0,33.0,3.0,22.0,3.0,20.0,2.0,39.0,3.0,30.0,3.0,33.0,3.0,40.0,4.0,34.0,3.0,31.0,6.0,22.0,4.0,30.0,5.0,32.0,5.0,41.0,9.0,37.0,5.0,44.0,6.0
801163.SI,燃气Ⅱ,81.0,64.0,63.0,49.0,67.0,59.0,73.0,71.0,71.0,66.0,72.0,66.0,73.0,64.0,70.0,59.0,61.0,46.0,53.0,46.0,57.0,46.0,64.0,46.0,64.0,53.0,59.0,46.0,57.0,41.0,60.0,59.0,46.0,41.0,55.0,46.0,54.0,59.0,54.0,46.0,74.0,64.0,72.0,64.0,59.0,56.0,60.0,61.0,59.0,56.0,61.0,64.0,60.0,59.0,69.0,53.0,64.0,49.0
801161.SI,电力,99.0,90.0,97.0,89.0,98.0,96.0,96.0,94.0,93.0,87.0,92.0,88.0,93.0,85.0,91.0,81.0,88.0,67.0,88.0,83.0,88.0,80.0,89.0,72.0,86.0,64.0,85.0,53.0,90.0,66.0,88.0,71.0,85.0,71.0,93.0,82.0,93.0,86.0,82.0,55.0,81.0,52.0,81.0,47.0,65.0,29.0,63.0,34.0,72.0,43.0,70.0,50.0,77.0,72.0,78.0,54.0,71.0,37.0
801156.SI,医疗服务,96.0,84.0,93.0,87.0,91.0,86.0,89.0,90.0,90.0,90.0,87.0,82.0,90.0,86.0,90.0,82.0,88.0,76.0,77.0,79.0,92.0,95.0,91.0,96.0,91.0,88.0,97.0,98.0,98.0,100.0,98.0,100.0,98.0,100.0,99.0,100.0,98.0,99.0,97.0,99.0,96.0,95.0,97.0,95.0,99.0,100.0,97.0,100.0,96.0,99.0,96.0,99.0,95.0,97.0,95.0,91.0,94.0,89.0
801153.SI,医疗器械,71.0,57.0,54.0,59.0,41.0,52.0,45.0,61.0,60.0,61.0,59.0,59.0,58.0,55.0,61.0,60.0,60.0,54.0,46.0,53.0,53.0,54.0,59.0,46.0,54.0,49.0,73.0,63.0,72.0,70.0,63.0,66.0,57.0,59.0,76.0,71.0,64.0,71.0,64.0,61.0,63.0,59.0,58.0,51.0,79.0,81.0,63.0,77.0,58.0,68.0,51.0,71.0,55.0,68.0,53.0,59.0,56.0,55.0
801154.SI,医药商业,93.0,6.0,86.0,4.0,75.0,3.0,76.0,4.0,80.0,5.0,75.0,4.0,76.0,4.0,77.0,4.0,79.0,3.0,67.0,3.0,76.0,5.0,75.0,2.0,95.0,9.0,98.0,18.0,97.0,24.0,99.0,61.0,99.0,58.0,99.0,46.0,99.0,52.0,99.0,42.0,97.0,18.0,95.0,10.0,96.0,36.0,90.0,22.0,86.0,8.0,92.0,20.0,88.0,15.0,91.0,12.0,87.0,9.0
801152.SI,生物制品,95.0,11.0,90.0,11.0,82.0,11.0,74.0,11.0,79.0,10.0,74.0,7.0,74.0,7.0,77.0,5.0,68.0,2.0,56.0,3.0,81.0,8.0,82.0,6.0,76.0,7.0,97.0,25.0,98.0,36.0,97.0,43.0,88.0,30.0,98.0,39.0,95.0,38.0,90.0,20.0,92.0,19.0,91.0,16.0,100.0,80.0,100.0,91.0,99.0,65.0,97.0,53.0,97.0,65.0,97.0,48.0,91.0,27.0
801155.SI,中药Ⅱ,92.0,9.0,86.0,7.0,79.0,6.0,81.0,8.0,80.0,6.0,82.0,7.0,77.0,5.0,79.0,6.0,76.0,4.0,66.0,5.0,70.0,4.0,75.0,4.0,79.0,4.0,89.0,6.0,85.0,7.0,80.0,8.0,79.0,9.0,95.0,15.0,89.0,14.0,87.0,8.0,85.0,6.0,84.0,5.0,88.0,14.0,83.0,14.0,74.0,6.0,79.0,8.0,88.0,14.0,88.0,9.0,91.0,9.0
801151.SI,化学制药,95.0,63.0,90.0,67.0,85.0,67.0,81.0,72.0,81.0,56.0,79.0,47.0,78.0,40.0,80.0,39.0,76.0,24.0,66.0,34.0,75.0,43.0,77.0,26.0,79.0,45.0,94.0,80.0,94.0,84.0,92.0,89.0,84.0,78.0,95.0,85.0,89.0,83.0,88.0,66.0,86.0,66.0,94.0,66.0,99.0,98.0,98.0,96.0,94.0,85.0,93.0,82.0,89.0,80.0,88.0,69.0,88.0,61.0
801145.SI,文娱用品,66.0,24.0,51.0,18.0,57.0,31.0,71.0,47.0,57.0,24.0,49.0,24.0,52.0,24.0,58.0,24.0,56.0,18.0,43.0,18.0,46.0,18.0,49.0,31.0,43.0,24.0,46.0,24.0,63.0,31.0,51.0,25.0,43.0,25.0,52.0,18.0,44.0,18.0,52.0,25.0,42.0,14.0,61.0,19.0,60.0,19.0,51.0,25.0,47.0,19.0,46.0,25.0,34.0,19.0,43.0,19.0,39.0,14.0
801142.SI,家居用品,86.0,2.0,68.0,0.0,56.0,1.0,48.0,1.0,47.0,0.0,50.0,2.0,67.0,3.0,66.0,3.0,68.0,2.0,61.0,2.0,65.0,2.0,65.0,0.0,57.0,1.0,67.0,1.0,75.0,3.0,63.0,1.0,60.0,2.0,65.0,0.0,64.0,2.0,76.0,3.0,80.0,5.0,76.0,3.0,72.0,6.0,65.0,6.0,64.0,7.0,61.0,8.0,60.0,9.0,64.0,6.0,71.0,12.0
801141.SI,包装印刷,79.0,1.0,48.0,0.0,39.0,0.0,29.0,0.0,41.0,1.0,41.0,1.0,65.0,10.0,67.0,7.0,66.0,4.0,65.0,12.0,57.0,4.0,64.0,2.0,67.0,10.0,56.0,2.0,52.0,2.0,36.0,1.0,37.0,2.0,35.0,0.0,29.0,1.0,36.0,0.0,31.0,0.0,41.0,1.0,26.0,0.0,27.0,1.0,33.0,1.0,39.0,2.0,47.0,11.0,51.0,6.0,47.0,5.0
801143.SI,造纸,85.0,3.0,76.0,3.0,67.0,1.0,53.0,1.0,59.0,2.0,68.0,3.0,66.0,1.0,67.0,2.0,73.0,3.0,77.0,8.0,79.0,6.0,73.0,2.0,58.0,1.0,64.0,0.0,75.0,2.0,80.0,3.0,78.0,8.0,67.0,2.0,69.0,3.0,73.0,3.0,75.0,4.0,62.0,1.0,49.0,1.0,33.0,0.0,41.0,0.0,67.0,6.0,82.0,24.0,72.0,10.0,86.0,26.0
801133.SI,饰品,60.0,2.0,78.0,7.0,71.0,7.0,65.0,4.0,60.0,4.0,66.0,7.0,64.0,4.0,76.0,7.0,72.0,4.0,60.0,12.0,73.0,12.0,83.0,12.0,87.0,23.0,91.0,34.0,93.0,46.0,89.0,51.0,78.0,40.0,78.0,23.0,57.0,12.0,56.0,7.0,61.0,7.0,47.0,4.0,85.0,29.0,91.0,61.0,97.0,65.0,99.0,69.0,99.0,81.0,98.0,73.0,99.0,83.0
801132.SI,服装家纺,88.0,7.0,70.0,2.0,58.0,2.0,45.0,2.0,58.0,3.0,61.0,6.0,66.0,5.0,65.0,4.0,66.0,3.0,64.0,9.0,55.0,3.0,49.0,0.0,50.0,1.0,50.0,0.0,59.0,2.0,50.0,2.0,56.0,4.0,57.0,1.0,49.0,2.0,61.0,3.0,47.0,1.0,61.0,2.0,49.0,1.0,44.0,3.0,61.0,5.0,64.0,8.0,57.0,5.0,60.0,2.0,73.0,9.0
801131.SI,纺织制造,82.0,4.0,65.0,1.0,65.0,6.0,68.0,20.0,77.0,38.0,72.0,29.0,73.0,20.0,75.0,20.0,75.0,11.0,70.0,20.0,74.0,20.0,71.0,8.0,72.0,14.0,71.0,8.0,80.0,20.0,66.0,11.0,62.0,14.0,71.0,11.0,65.0,14.0,69.0,14.0,75.0,11.0,76.0,8.0,56.0,4.0,48.0,6.0,55.0,6.0,58.0,8.0,58.0,8.0,58.0,8.0,54.0,6.0
801129.SI,调味发酵品Ⅱ,79.0,23.0,61.0,13.0,48.0,11.0,34.0,8.0,44.0,6.0,60.0,16.0,76.0,31.0,91.0,51.0,91.0,32.0,89.0,51.0,86.0,32.0,88.0,43.0,81.0,27.0,79.0,23.0,91.0,47.0,87.0,55.0,86.0,58.0,95.0,58.0,90.0,58.0,92.0,83.0,91.0,64.0,84.0,32.0,76.0,39.0,73.0,58.0,56.0,23.0,63.0,36.0,50.0,19.0,80.0,51.0,80.0,55.0
801128.SI,休闲食品,73.0,27.0,62.0,27.0,40.0,21.0,35.0,24.0,31.0,21.0,55.0,32.0,76.0,45.0,82.0,48.0,64.0,32.0,58.0,35.0,62.0,32.0,52.0,24.0,38.0,21.0,43.0,24.0,60.0,32.0,41.0,24.0,48.0,32.0,60.0,32.0,69.0,38.0,63.0,32.0,75.0,41.0,80.0,38.0,75.0,38.0,67.0,35.0,62.0,30.0,65.0,38.0,58.0,32.0,56.0,27.0,60.0,32.0
801127.SI,饮料乳品,84.0,9.0,61.0,3.0,51.0,3.0,44.0,4.0,46.0,10.0,74.0,12.0,97.0,40.0,98.0,44.0,97.0,28.0,94.0,33.0,94.0,26.0,93.0,13.0,88.0,7.0,85.0,6.0,96.0,22.0,95.0,18.0,93.0,16.0,95.0,10.0,95.0,24.0,93.0,16.0,95.0,22.0,82.0,13.0,85.0,24.0,69.0,12.0,63.0,13.0,82.0,18.0,70.0,17.0,72.0,29.0,82.0,13.0
801126.SI,非白酒,85.0,8.0,67.0,5.0,60.0,2.0,42.0,2.0,37.0,2.0,38.0,4.0,62.0,8.0,72.0,12.0,74.0,10.0,55.0,8.0,46.0,5.0,51.0,4.0,38.0,2.0,41.0,1.0,47.0,4.0,29.0,1.0,37.0,3.0,46.0,3.0,69.0,8.0,56.0,5.0,56.0,4.0,53.0,4.0,41.0,4.0,44.0,9.0,56.0,9.0,40.0,4.0,46.0,7.0,36.0,4.0,36.0,3.0
801125.SI,白酒Ⅱ,84.0,23.0,74.0,18.0,51.0,10.0,42.0,11.0,28.0,4.0,74.0,21.0,80.0,23.0,95.0,35.0,90.0,22.0,66.0,14.0,63.0,12.0,71.0,10.0,83.0,7.0,77.0,5.0,83.0,21.0,59.0,6.0,76.0,16.0,82.0,12.0,59.0,9.0,62.0,22.0,46.0,5.0,44.0,4.0,31.0,2.0,22.0,5.0,42.0,11.0,32.0,2.0,33.0,4.0,28.0,3.0,32.0,1.0
801124.SI,食品加工,73.0,5.0,49.0,4.0,38.0,4.0,33.0,3.0,35.0,3.0,42.0,4.0,63.0,8.0,67.0,10.0,67.0,7.0,61.0,8.0,62.0,7.0,59.0,3.0,58.0,2.0,51.0,3.0,65.0,5.0,60.0,4.0,57.0,5.0,74.0,5.0,71.0,10.0,65.0,9.0,79.0,13.0,72.0,9.0,70.0,20.0,62.0,10.0,46.0,7.0,63.0,26.0,49.0,10.0,59.0,12.0,63.0,10.0
801117.SI,其他家电Ⅱ,40.0,94.0,23.0,94.0,21.0,94.0,16.0,94.0,39.0,94.0,26.0,94.0,22.0,94.0,21.0,94.0,31.0,94.0,29.0,94.0,25.0,94.0,23.0,94.0,25.0,94.0,32.0,94.0,39.0,94.0,38.0,94.0,30.0,94.0,47.0,95.0,46.0,95.0,29.0,95.0,22.0,95.0,27.0,95.0,32.0,95.0,31.0,95.0,57.0,95.0,73.0,100.0,72.0,100.0,57.0,93.0,40.0,93.0
801116.SI,家电零部件Ⅱ,84.0,56.0,68.0,45.0,65.0,53.0,62.0,63.0,65.0,50.0,62.0,48.0,70.0,53.0,65.0,41.0,74.0,68.0,60.0,63.0,63.0,53.0,61.0,48.0,59.0,41.0,57.0,34.0,67.0,34.0,69.0,71.0,63.0,53.0,67.0,44.0,51.0,38.0,67.0,50.0,76.0,66.0,81.0,73.0,66.0,50.0,63.0,50.0,61.0,48.0,70.0,50.0,64.0,48.0,73.0,53.0,77.0,66.0
801115.SI,照明设备Ⅱ,82.0,38.0,60.0,26.0,65.0,50.0,48.0,38.0,59.0,38.0,56.0,38.0,56.0,26.0,57.0,26.0,63.0,38.0,56.0,38.0,58.0,38.0,70.0,38.0,62.0,50.0,68.0,50.0,67.0,50.0,53.0,38.0,55.0,38.0,71.0,38.0,57.0,38.0,90.0,69.0,81.0,50.0,82.0,50.0,75.0,50.0,75.0,61.0,87.0,69.0,85.0,76.0,75.0,61.0,75.0,50.0,80.0,61.0
801114.SI,厨卫电器,64.0,1.0,63.0,1.0,63.0,3.0,44.0,3.0,69.0,8.0,56.0,4.0,56.0,4.0,84.0,17.0,85.0,27.0,68.0,8.0,70.0,8.0,68.0,4.0,62.0,4.0,59.0,4.0,61.0,4.0,63.0,4.0,72.0,9.0,84.0,17.0,73.0,9.0,67.0,4.0,59.0,4.0,94.0,58.0,93.0,17.0,80.0,27.0,82.0,27.0,79.0,27.0,61.0,9.0,72.0,17.0,70.0,17.0
801113.SI,小家电,67.0,18.0,45.0,5.0,34.0,2.0,33.0,5.0,52.0,13.0,55.0,32.0,58.0,40.0,57.0,32.0,60.0,25.0,51.0,18.0,44.0,8.0,42.0,5.0,46.0,8.0,50.0,8.0,68.0,13.0,50.0,13.0,59.0,13.0,60.0,8.0,48.0,8.0,60.0,18.0,57.0,40.0,28.0,13.0,40.0,0.0,26.0,5.0,41.0,26.0,49.0,83.0,39.0,68.0,35.0,26.0,25.0,8.0
801112.SI,黑色家电,72.0,7.0,67.0,7.0,51.0,2.0,63.0,9.0,55.0,2.0,50.0,2.0,67.0,7.0,58.0,5.0,66.0,7.0,50.0,7.0,58.0,5.0,69.0,5.0,75.0,7.0,68.0,2.0,66.0,3.0,54.0,3.0,45.0,1.0,52.0,7.0,55.0,12.0,51.0,7.0,51.0,5.0,48.0,3.0,40.0,1.0,30.0,3.0,27.0,1.0,32.0,3.0,33.0,8.0,54.0,8.0,44.0,3.0
801111.SI,白色家电,59.0,10.0,35.0,4.0,25.0,2.0,44.0,7.0,32.0,3.0,30.0,7.0,42.0,16.0,44.0,13.0,40.0,12.0,38.0,16.0,34.0,12.0,35.0,3.0,25.0,1.0,23.0,3.0,23.0,3.0,19.0,1.0,22.0,2.0,22.0,0.0,18.0,2.0,42.0,2.0,57.0,2.0,54.0,8.0,28.0,2.0,16.0,3.0,28.0,7.0,29.0,5.0,26.0,5.0,25.0,6.0,84.0,5.0
801096.SI,商用车,58.0,3.0,40.0,1.0,42.0,3.0,34.0,6.0,31.0,3.0,44.0,8.0,73.0,26.0,70.0,15.0,68.0,34.0,54.0,30.0,53.0,20.0,49.0,8.0,50.0,14.0,44.0,4.0,45.0,4.0,46.0,14.0,47.0,31.0,39.0,6.0,36.0,6.0,32.0,4.0,31.0,2.0,40.0,3.0,33.0,4.0,23.0,3.0,38.0,10.0,45.0,16.0,32.0,8.0,37.0,4.0,39.0,3.0
801095.SI,乘用车,65.0,19.0,42.0,12.0,39.0,4.0,24.0,2.0,29.0,2.0,48.0,12.0,73.0,33.0,87.0,50.0,76.0,32.0,56.0,28.0,64.0,40.0,58.0,17.0,60.0,11.0,49.0,5.0,40.0,4.0,26.0,1.0,34.0,2.0,32.0,0.0,22.0,1.0,14.0,0.0,24.0,0.0,17.0,0.0,41.0,0.0,22.0,0.0,16.0,2.0,30.0,0.0,22.0,3.0,16.0,0.0,18.0,1.0
801881.SI,摩托车及其他,66.0,58.0,43.0,51.0,24.0,44.0,16.0,51.0,26.0,44.0,21.0,58.0,35.0,58.0,42.0,73.0,48.0,69.0,39.0,51.0,48.0,51.0,45.0,37.0,91.0,76.0,84.0,58.0,77.0,58.0,63.0,69.0,56.0,64.0,60.0,44.0,41.0,51.0,56.0,51.0,53.0,51.0,65.0,69.0,22.0,20.0,18.0,37.0,40.0,58.0,23.0,37.0,21.0,44.0,29.0,37.0,27.0,37.0
801092.SI,汽车服务,63.0,2.0,42.0,0.0,53.0,5.0,47.0,5.0,48.0,5.0,57.0,9.0,58.0,9.0,50.0,5.0,51.0,5.0,49.0,5.0,56.0,6.0,63.0,6.0,56.0,6.0,50.0,2.0,47.0,3.0,33.0,0.0,29.0,3.0,39.0,3.0,24.0,0.0,26.0,1.0,25.0,1.0,32.0,1.0,24.0,1.0,53.0,6.0,54.0,6.0,44.0,6.0,40.0,6.0,43.0,6.0,33.0,3.0
801093.SI,汽车零部件,71.0,35.0,46.0,21.0,39.0,31.0,34.0,30.0,38.0,28.0,33.0,27.0,46.0,36.0,50.0,32.0,62.0,44.0,46.0,49.0,46.0,43.0,53.0,33.0,54.0,38.0,47.0,26.0,49.0,30.0,48.0,46.0,41.0,43.0,44.0,34.0,35.0,40.0,42.0,35.0,50.0,42.0,57.0,49.0,40.0,31.0,33.0,30.0,39.0,44.0,45.0,54.0,40.0,50.0,45.0,49.0,44.0,57.0
801086.SI,电子化学品Ⅱ,98.0,99.0,93.0,99.0,81.0,98.0,78.0,99.0,84.0,99.0,91.0,99.0,93.0,99.0,89.0,99.0,91.0,99.0,78.0,98.0,83.0,98.0,92.0,99.0,95.0,99.0,97.0,100.0,93.0,99.0,83.0,99.0,79.0,99.0,88.0,99.0,86.0,99.0,91.0,99.0,95.0,100.0,93.0,99.0,78.0,99.0,72.0,99.0,76.0,98.0,69.0,98.0,69.0,97.0,86.0,99.0,82.0,99.0
801085.SI,消费电子,89.0,81.0,71.0,78.0,55.0,84.0,47.0,82.0,55.0,83.0,50.0,80.0,63.0,78.0,67.0,79.0,67.0,77.0,51.0,79.0,57.0,79.0,68.0,86.0,67.0,87.0,76.0,82.0,62.0,73.0,53.0,73.0,50.0,77.0,67.0,80.0,61.0,83.0,66.0,87.0,61.0,82.0,71.0,84.0,51.0,74.0,48.0,77.0,60.0,79.0,59.0,81.0,55.0,82.0,64.0,83.0,58.0,83.0
801082.SI,其他电子Ⅱ,91.0,48.0,79.0,45.0,66.0,31.0,59.0,32.0,65.0,32.0,68.0,38.0,80.0,38.0,78.0,38.0,85.0,52.0,68.0,35.0,69.0,33.0,77.0,32.0,74.0,35.0,79.0,39.0,71.0,30.0,76.0,44.0,75.0,63.0,77.0,51.0,68.0,45.0,77.0,50.0,77.0,55.0,77.0,50.0,63.0,42.0,58.0,47.0,63.0,44.0,64.0,43.0,54.0,33.0,69.0,52.0,70.0,69.0
801084.SI,光学光电子,95.0,77.0,83.0,69.0,61.0,48.0,48.0,47.0,61.0,51.0,76.0,69.0,84.0,56.0,77.0,56.0,83.0,59.0,64.0,48.0,73.0,57.0,81.0,66.0,79.0,63.0,80.0,68.0,71.0,60.0,62.0,60.0,58.0,59.0,70.0,57.0,61.0,52.0,72.0,69.0,84.0,90.0,90.0,85.0,74.0,70.0,72.0,71.0,74.0,70.0,64.0,59.0,57.0,51.0,68.0,62.0,64.0,54.0
801083.SI,元件,100.0,99.0,98.0,99.0,93.0,99.0,87.0,99.0,90.0,99.0,90.0,99.0,95.0,99.0,96.0,99.0,97.0,99.0,90.0,99.0,97.0,99.0,98.0,100.0,98.0,99.0,100.0,100.0,99.0,100.0,98.0,100.0,96.0,100.0,98.0,100.0,94.0,99.0,98.0,99.0,98.0,99.0,98.0,99.0,92.0,99.0,91.0,99.0,90.0,99.0,86.0,98.0,82.0,98.0,95.0,99.0,96.0,100.0
801081.SI,半导体,97.0,100.0,95.0,100.0,81.0,99.0,79.0,100.0,82.0,100.0,82.0,100.0,89.0,100.0,87.0,100.0,91.0,100.0,77.0,99.0,82.0,99.0,90.0,99.0,86.0,99.0,86.0,99.0,81.0,99.0,78.0,99.0,72.0,99.0,79.0,99.0,69.0,98.0,84.0,99.0,84.0,99.0,88.0,99.0,72.0,98.0,59.0,98.0,70.0,98.0,61.0,98.0,53.0,98.0,74.0,98.0,72.0,98.0
801056.SI,能源金属,86.0,46.0,78.0,45.0,86.0,65.0,80.0,57.0,73.0,46.0,66.0,42.0,83.0,54.0,78.0,45.0,76.0,43.0,64.0,44.0,64.0,43.0,72.0,42.0,76.0,48.0,87.0,58.0,93.0,67.0,83.0,57.0,85.0,58.0,83.0,48.0,73.0,49.0,67.0,43.0,76.0,45.0,41.0,39.0,54.0,11.0,83.0,65.0,86.0,67.0,78.0,64.0,69.0,52.0,60.0,39.0,72.0,54.0
801054.SI,小金属,89.0,55.0,85.0,58.0,84.0,62.0,74.0,58.0,65.0,45.0,58.0,41.0,71.0,44.0,72.0,37.0,79.0,45.0,71.0,53.0,76.0,51.0,90.0,64.0,96.0,85.0,94.0,85.0,96.0,89.0,93.0,84.0,83.0,79.0,83.0,72.0,80.0,79.0,86.0,77.0,89.0,75.0,89.0,71.0,77.0,66.0,74.0,71.0,83.0,78.0,77.0,68.0,75.0,66.0,80.0,73.0,74.0,68.0
801053.SI,贵金属,82.0,48.0,93.0,80.0,93.0,87.0,82.0,77.0,75.0,63.0,58.0,41.0,67.0,44.0,90.0,75.0,90.0,72.0,70.0,60.0,60.0,44.0,91.0,74.0,97.0,91.0,93.0,78.0,97.0,89.0,98.0,96.0,89.0,85.0,93.0,81.0,77.0,67.0,77.0,61.0,71.0,56.0,88.0,80.0,96.0,94.0,97.0,97.0,99.0,99.0,96.0,97.0,95.0,95.0,96.0,94.0,96.0,95.0
801055.SI,工业金属,73.0,76.0,70.0,94.0,73.0,97.0,58.0,95.0,45.0,77.0,40.0,71.0,58.0,76.0,58.0,81.0,59.0,80.0,48.0,81.0,52.0,78.0,68.0,91.0,78.0,95.0,77.0,91.0,74.0,92.0,79.0,98.0,57.0,91.0,64.0,90.0,46.0,74.0,65.0,82.0,56.0,69.0,61.0,73.0,67.0,95.0,69.0,95.0,76.0,97.0,67.0,94.0,81.0,99.0,78.0,95.0,78.0,94.0
801051.SI,金属新材料,78.0,16.0,62.0,15.0,54.0,15.0,39.0,13.0,40.0,12.0,45.0,14.0,52.0,13.0,51.0,13.0,60.0,15.0,58.0,19.0,58.0,16.0,72.0,18.0,76.0,22.0,77.0,23.0,68.0,20.0,55.0,18.0,37.0,14.0,47.0,13.0,48.0,17.0,56.0,17.0,54.0,16.0,65.0,20.0,42.0,16.0,32.0,13.0,45.0,17.0,50.0,18.0,44.0,15.0,51.0,16.0,45.0,14.0
801045.SI,特钢Ⅱ,56.0,2.0,43.0,2.0,45.0,5.0,33.0,3.0,28.0,2.0,18.0,0.0,44.0,3.0,33.0,2.0,33.0,0.0,42.0,5.0,42.0,5.0,38.0,1.0,43.0,2.0,35.0,1.0,49.0,2.0,41.0,3.0,27.0,1.0,34.0,0.0,29.0,1.0,48.0,2.0,56.0,5.0,48.0,2.0,39.0,2.0,35.0,3.0,46.0,6.0,52.0,13.0,47.0,9.0,39.0,3.0,44.0,3.0
801044.SI,普钢,70.0,3.0,58.0,1.0,57.0,4.0,49.0,2.0,38.0,1.0,39.0,1.0,68.0,6.0,66.0,3.0,71.0,3.0,62.0,7.0,60.0,3.0,53.0,1.0,61.0,3.0,56.0,2.0,52.0,1.0,53.0,3.0,57.0,3.0,54.0,1.0,47.0,3.0,38.0,0.0,38.0,0.0,43.0,1.0,39.0,0.0,32.0,1.0,40.0,5.0,49.0,3.0,48.0,3.0,47.0,2.0,57.0,2.0
801043.SI,冶钢原料,55.0,14.0,53.0,19.0,58.0,31.0,44.0,23.0,43.0,19.0,40.0,14.0,46.0,19.0,47.0,14.0,40.0,14.0,39.0,23.0,33.0,14.0,44.0,14.0,47.0,19.0,39.0,14.0,52.0,23.0,51.0,28.0,39.0,23.0,45.0,19.0,29.0,14.0,50.0,19.0,38.0,14.0,38.0,14.0,32.0,14.0,45.0,40.0,51.0,36.0,48.0,32.0,60.0,40.0,40.0,14.0,52.0,28.0
801039.SI,非金属材料Ⅱ,88.0,84.0,73.0,80.0,65.0,77.0,45.0,69.0,59.0,73.0,56.0,77.0,70.0,77.0,67.0,73.0,65.0,69.0,55.0,69.0,58.0,69.0,74.0,80.0,84.0,88.0,89.0,90.0,90.0,89.0,78.0,82.0,74.0,90.0,80.0,90.0,70.0,89.0,88.0,95.0,79.0,90.0,83.0,90.0,68.0,84.0,80.0,92.0,76.0,89.0,72.0,92.0,80.0,96.0,87.0,98.0,89.0,99.0
801038.SI,农化制品,70.0,32.0,61.0,42.0,65.0,66.0,54.0,56.0,44.0,30.0,42.0,32.0,55.0,37.0,71.0,47.0,67.0,37.0,50.0,35.0,48.0,30.0,53.0,28.0,54.0,32.0,55.0,28.0,65.0,46.0,63.0,56.0,40.0,30.0,49.0,30.0,35.0,13.0,55.0,28.0,78.0,55.0,86.0,53.0,84.0,57.0,61.0,45.0,62.0,50.0,65.0,61.0,78.0,74.0,79.0,58.0,95.0,76.0
801037.SI,橡胶,71.0,20.0,49.0,14.0,31.0,5.0,24.0,5.0,29.0,5.0,36.0,39.0,46.0,25.0,46.0,14.0,51.0,9.0,39.0,9.0,39.0,5.0,49.0,5.0,48.0,14.0,44.0,14.0,51.0,14.0,54.0,9.0,43.0,14.0,41.0,5.0,51.0,9.0,78.0,30.0,69.0,39.0,63.0,30.0,42.0,20.0,34.0,15.0,56.0,20.0,46.0,15.0,45.0,9.0,52.0,15.0,48.0,9.0
801036.SI,塑料,94.0,88.0,83.0,77.0,71.0,78.0,69.0,79.0,74.0,84.0,71.0,83.0,80.0,86.0,79.0,81.0,81.0,86.0,74.0,88.0,81.0,91.0,87.0,90.0,84.0,93.0,84.0,94.0,79.0,94.0,74.0,96.0,72.0,96.0,82.0,93.0,72.0,91.0,74.0,93.0,85.0,98.0,88.0,99.0,78.0,91.0,78.0,97.0,83.0,97.0,80.0,96.0,73.0,92.0,82.0,96.0,85.0,99.0
801032.SI,化学纤维,83.0,8.0,64.0,4.0,61.0,6.0,50.0,4.0,55.0,3.0,48.0,3.0,57.0,3.0,57.0,3.0,59.0,2.0,60.0,10.0,58.0,4.0,68.0,6.0,63.0,6.0,59.0,4.0,65.0,4.0,54.0,3.0,40.0,2.0,45.0,1.0,59.0,8.0,69.0,11.0,67.0,8.0,74.0,11.0,72.0,6.0,58.0,8.0,56.0,8.0,54.0,13.0,60.0,6.0,65.0,11.0,75.0,17.0
801034.SI,化学制品,85.0,16.0,66.0,11.0,57.0,16.0,53.0,23.0,56.0,19.0,62.0,24.0,74.0,21.0,69.0,15.0,69.0,14.0,60.0,17.0,65.0,16.0,66.0,13.0,68.0,20.0,72.0,24.0,73.0,26.0,62.0,23.0,61.0,23.0,68.0,24.0,53.0,21.0,66.0,20.0,72.0,24.0,76.0,23.0,62.0,22.0,53.0,23.0,58.0,20.0,53.0,18.0,54.0,21.0,62.0,21.0,73.0,32.0
801033.SI,化学原料,89.0,64.0,80.0,65.0,80.0,75.0,81.0,82.0,61.0,67.0,56.0,55.0,71.0,62.0,74.0,62.0,70.0,54.0,64.0,64.0,61.0,50.0,67.0,48.0,78.0,70.0,77.0,65.0,79.0,69.0,70.0,69.0,54.0,55.0,66.0,58.0,55.0,54.0,65.0,63.0,69.0,71.0,84.0,74.0,81.0,72.0,78.0,76.0,85.0,80.0,88.0,81.0,90.0,84.0,84.0,79.0,93.0,88.0
801019.SI,农业综合Ⅱ,17.0,77.0,7.0,77.0,17.0,77.0,10.0,77.0,4.0,77.0,4.0,77.0,15.0,77.0,14.0,77.0,19.0,77.0,30.0,78.0,16.0,78.0,14.0,78.0,20.0,78.0,23.0,78.0,42.0,78.0,20.0,78.0,16.0,78.0,32.0,78.0,11.0,78.0,35.0,79.0,79.0,100.0,58.0,78.0,44.0,78.0,28.0,79.0,20.0,79.0,36.0,79.0,26.0,80.0,57.0,80.0,51.0,80.0
801018.SI,动物保健Ⅱ,57.0,2.0,37.0,0.0,33.0,0.0,20.0,0.0,19.0,0.0,10.0,0.0,21.0,0.0,37.0,2.0,40.0,2.0,27.0,2.0,32.0,6.0,42.0,2.0,41.0,2.0,45.0,2.0,41.0,2.0,29.0,2.0,47.0,13.0,46.0,2.0,49.0,7.0,55.0,7.0,59.0,7.0,51.0,2.0,63.0,13.0,50.0,7.0,25.0,2.0,19.0,2.0,22.0,2.0,26.0,0.0,25.0,0.0
801017.SI,养殖业,73.0,21.0,46.0,12.0,46.0,21.0,29.0,14.0,18.0,5.0,19.0,7.0,38.0,14.0,45.0,27.0,36.0,14.0,39.0,24.0,25.0,16.0,43.0,8.0,34.0,4.0,24.0,2.0,75.0,37.0,69.0,34.0,55.0,24.0,55.0,12.0,60.0,19.0,74.0,14.0,89.0,44.0,88.0,41.0,92.0,32.0,83.0,32.0,79.0,22.0,87.0,50.0,76.0,27.0,76.0,29.0,72.0,29.0
801012.SI,农产品加工,51.0,2.0,23.0,1.0,17.0,1.0,21.0,2.0,23.0,1.0,38.0,3.0,44.0,5.0,48.0,5.0,28.0,1.0,41.0,9.0,31.0,5.0,34.0,2.0,63.0,9.0,70.0,14.0,70.0,16.0,51.0,11.0,40.0,7.0,50.0,7.0,46.0,9.0,67.0,14.0,92.0,40.0,92.0,40.0,96.0,67.0,89.0,56.0,90.0,50.0,93.0,66.0,92.0,64.0,86.0,46.0,95.0,72.0
801014.SI,饲料,84.0,6.0,62.0,2.0,50.0,2.0,43.0,2.0,47.0,2.0,51.0,2.0,58.0,3.0,70.0,8.0,62.0,5.0,52.0,5.0,50.0,3.0,51.0,2.0,50.0,2.0,49.0,2.0,76.0,8.0,74.0,5.0,66.0,8.0,68.0,2.0,68.0,3.0,62.0,2.0,81.0,16.0,86.0,11.0,83.0,2.0,71.0,7.0,56.0,2.0,57.0,11.0,45.0,3.0,52.0,3.0,56.0,5.0
801011.SI,林业Ⅱ,73.0,32.0,44.0,23.0,51.0,32.0,74.0,62.0,65.0,45.0,49.0,39.0,49.0,32.0,51.0,32.0,57.0,39.0,68.0,52.0,63.0,52.0,62.0,45.0,60.0,45.0,60.0,39.0,59.0,39.0,53.0,32.0,51.0,39.0,55.0,39.0,51.0,32.0,39.0,23.0,91.0,75.0,51.0,57.0,62.0,57.0,45.0,32.0,17.0,32.0,66.0,32.0,48.0,39.0,79.0,67.0,96.0,81.0
801015.SI,渔业,75.0,5.0,51.0,1.0,47.0,5.0,37.0,1.0,36.0,1.0,45.0,5.0,47.0,5.0,59.0,5.0,46.0,1.0,49.0,5.0,38.0,2.0,38.0,2.0,46.0,2.0,50.0,2.0,69.0,5.0,44.0,5.0,39.0,5.0,63.0,5.0,46.0,5.0,51.0,5.0,95.0,27.0,89.0,20.0,69.0,13.0,62.0,13.0,59.0,6.0,64.0,13.0,62.0,13.0,61.0,6.0,92.0,27.0
801016.SI,种植业,60.0,1.0,47.0,1.0,58.0,6.0,46.0,4.0,42.0,2.0,35.0,1.0,45.0,2.0,51.0,3.0,43.0,1.0,56.0,9.0,56.0,4.0,51.0,1.0,86.0,19.0,77.0,10.0,63.0,6.0,44.0,2.0,33.0,1.0,41.0,1.0,34.0,2.0,83.0,21.0,98.0,64.0,100.0,79.0,99.0,77.0,94.0,58.0,95.0,58.0,98.0,78.0,97.0,70.0,97.0,68.0,98.0,75.0
