代码,名称,2026-07-22,2026-07-23,2026-07-24,2026-07-27,2026-07-28,2026-07-29,2026-07-30,2026-07-31,2026-08-03,2026-08-04,2026-08-05,2026-08-06,2026-08-07,2026-08-10,2026-08-11,2026-08-12,2026-08-13,2026-08-14,2026-08-17,2026-08-18,2026-08-19,2026-08-20,2026-08-21,2026-08-24,2026-08-25,2026-08-26,2026-08-27,2026-08-28,2026-08-31
801983.SI,医疗美容,66,66,66,66,66,66,66,100,100,100,100,100,100,100,100,66,66,33,33,33,33,33,33,33,33,33,0,0,0
801982.SI,化妆品,53,53,16,66,66,83,83,76,76,84,76,69,76,92,84,84,69,53,53,53,7,46,23,7,53,53,46,38,53
801981.SI,个护用品,58,50,25,50,58,75,83,83,91,91,91,83,83,91,75,66,58,41,58,62,41,75,50,25,66,41,50,50,41
801972.SI,环保设备Ⅱ,7,23,15,15,23,28,15,38,61,69,69,73,92,92,96,96,96,92,92,88,61,69,73,57,65,76,73,65,65
801971.SI,环境治理,21,35,26,33,32,48,45,56,70,79,86,88,84,92,90,89,82,78,81,77,55,68,62,53,64,74,63,72,72
801963.SI,炼化及贸易,40,56,30,33,33,60,50,73,83,83,86,96,96,96,96,93,76,80,86,93,76,83,83,80,93,90,93,96,96
801962.SI,油服工程,69,76,76,75,75,75,75,83,84,92,84,84,69,76,76,61,46,38,61,84,69,69,76,61,69,61,76,84,92
801961.SI,油气开采Ⅱ,75,75,75,50,50,50,50,50,75,75,50,75,75,75,100,100,50,50,75,75,50,75,75,75,75,75,75,75,75
801952.SI,焦炭Ⅱ,71,85,71,85,85,100,71,85,100,100,100,100,100,100,100,100,85,100,85,85,100,71,71,85,100,100,100,100,100
801951.SI,煤炭开采,96,96,80,88,65,92,84,84,69,61,61,92,84,96,100,92,73,84,88,80,84,84,88,96,92,96,96,96,96
801102.SI,通信设备,11,14,10,14,16,23,21,26,32,48,60,74,84,85,89,94,91,94,94,91,52,67,72,60,77,74,76,75,78
801223.SI,通信服务,27,35,16,21,35,45,40,56,75,86,91,97,91,94,94,97,94,94,91,91,35,37,32,27,40,32,29,29,47
801995.SI,电视广播Ⅱ,42,71,28,71,78,100,100,100,100,100,100,100,100,100,100,100,92,71,71,35,7,21,7,7,35,42,35,35,92
801769.SI,出版,41,58,37,51,65,89,89,96,96,96,93,82,72,79,68,68,65,62,62,62,41,37,31,13,31,17,6,24,58
801768.SI,社交Ⅱ,0,0,0,0,0,0,0,0,0,0,0,0,0,0,0,0,0,0,0,0,0,0,0,0,0,0,0,0,0
801767.SI,数字媒体,28,42,0,50,50,64,64,85,85,100,100,100,100,100,100,100,92,92,92,75,21,35,28,14,35,35,28,35,78
801766.SI,影视院线,15,5,5,15,26,47,36,84,78,89,89,84,84,100,100,100,94,78,73,73,5,15,21,10,26,36,15,15,84
801765.SI,广告营销,17,37,11,44,55,59,57,85,89,92,96,92,92,96,96,96,89,92,89,80,21,32,28,17,28,25,17,28,57
801764.SI,游戏Ⅱ,19,23,0,15,15,61,42,73,76,100,100,96,96,100,96,100,92,88,76,69,34,34,23,7,19,3,7,11,34
801104.SI,软件开发,30,33,10,24,37,47,50,78,83,92,93,93,93,95,96,96,96,86,83,73,29,34,33,19,33,30,35,38,46
801103.SI,IT服务Ⅱ,28,33,15,27,35,43,40,66,75,88,97,96,95,95,95,96,95,86,86,80,27,31,23,15,26,23,27,33,45
801101.SI,计算机设备,23,25,18,29,31,48,41,62,70,81,83,91,93,91,93,93,85,82,86,81,37,50,52,35,45,41,52,51,64
801745.SI,军工电子Ⅱ,8,11,9,14,13,14,8,21,36,43,70,75,87,93,90,93,93,91,95,93,35,32,41,19,27,16,38,28,48
801744.SI,航海装备Ⅱ,10,40,40,60,50,70,70,80,80,90,90,90,100,100,100,90,80,80,80,70,10,10,30,10,50,30,80,90,80
801743.SI,地面兵装Ⅱ,16,41,50,58,50,66,66,83,83,83,91,100,100,100,100,100,100,100,100,83,33,25,33,25,33,25,50,58,58
801742.SI,航空装备Ⅱ,15,28,22,24,24,40,48,48,68,82,84,91,95,97,93,93,84,86,88,75,22,22,31,24,35,37,54,58,69
801741.SI,航天装备Ⅱ,11,11,11,11,11,22,0,22,22,33,55,66,88,100,77,88,88,100,100,100,22,11,11,0,0,0,0,0,22
801078.SI,自动化设备,3,3,3,6,7,12,12,27,41,53,72,81,94,91,97,98,93,91,94,92,59,62,60,54,58,56,59,56,63
801077.SI,工程机械,32,39,39,39,46,50,57,64,75,75,85,78,75,85,66,70,62,55,59,59,25,25,37,25,35,35,32,32,32
801076.SI,轨交设备Ⅱ,16,20,16,16,20,43,36,60,80,90,90,86,80,93,86,86,83,76,83,83,56,70,66,46,73,80,63,66,83
801074.SI,专用设备,8,14,9,15,19,28,32,45,62,74,81,85,92,95,95,96,92,90,93,89,55,65,62,51,61,61,67,66,69
801072.SI,通用设备,4,7,5,11,13,21,19,34,48,57,71,80,89,89,89,95,93,94,95,94,56,62,64,52,64,55,63,56,68
801738.SI,电网设备,15,37,30,45,39,53,48,58,75,88,91,93,95,96,94,97,91,86,92,78,37,42,44,36,44,40,38,36,42
801737.SI,电池,3,11,6,20,17,31,29,39,48,62,82,82,92,96,96,97,90,91,96,82,46,42,49,53,40,46,49,42,41
801736.SI,风电设备,3,33,10,36,46,53,53,63,83,86,90,90,100,100,96,100,93,73,80,64,30,23,26,13,20,23,30,23,33
801735.SI,光伏设备,3,9,3,6,6,19,31,48,65,69,78,83,92,89,98,100,95,92,96,87,40,45,63,45,43,48,45,48,30
801733.SI,其他电源设备Ⅱ,6,9,3,12,12,18,15,25,40,62,62,68,87,87,90,96,96,96,96,84,53,56,62,50,46,56,56,50,59
801731.SI,电机Ⅱ,0,3,3,7,7,19,19,42,73,88,92,92,96,96,100,100,100,96,96,96,34,46,46,30,38,26,30,34,53
801726.SI,工程咨询服务Ⅱ,7,15,10,17,22,55,40,77,85,85,92,97,95,95,95,97,90,90,92,84,65,77,67,62,72,75,57,72,72
801724.SI,专业工程,21,37,16,35,35,45,51,62,70,70,72,75,78,83,81,81,70,67,75,70,40,56,48,40,51,67,70,64,56
801723.SI,基础建设,31,51,29,51,51,63,63,78,85,85,87,85,77,77,72,75,72,65,67,47,32,37,37,30,52,70,67,69,60
801722.SI,装修装饰Ⅱ,4,13,9,13,18,22,27,36,54,68,77,81,77,86,90,90,90,90,95,100,68,72,77,59,77,86,81,81,81
801721.SI,房屋建设Ⅱ,62,75,50,75,75,75,75,75,75,87,87,62,50,50,50,75,62,37,75,25,25,50,25,25,50,62,14,50,50
801713.SI,装修建材,8,25,11,14,31,40,31,48,68,71,82,88,85,94,91,94,91,88,88,86,65,68,62,65,68,65,71,77,74
801712.SI,玻璃玻纤,0,0,0,0,0,25,25,31,50,56,62,81,93,100,93,100,87,93,93,93,56,50,62,25,31,31,50,56,62
801711.SI,水泥,23,52,19,33,38,61,61,80,90,90,85,95,80,85,80,85,76,66,71,70,42,52,52,42,52,85,95,95,71
801231.SI,综合Ⅱ,25,50,15,35,40,80,70,80,80,90,95,90,85,95,100,100,100,100,95,95,70,80,75,70,80,85,85,85,80
801191.SI,多元金融,41,54,33,45,45,83,83,87,91,91,91,87,79,87,70,83,75,45,58,46,16,25,25,29,58,79,87,83,79
801194.SI,保险Ⅱ,100,100,80,80,80,80,80,80,60,40,40,40,40,0,0,0,0,0,0,0,0,0,20,20,60,100,100,100,100
801193.SI,证券Ⅱ,40,70,12,26,8,52,58,68,70,76,74,44,34,42,28,44,52,20,34,14,0,2,2,8,10,72,96,94,92
801786.SI,其他银行Ⅱ,0,0,0,0,0,0,0,0,0,0,0,0,0,0,0,0,0,0,0,0,0,0,0,0,0,0,0,0,0
801785.SI,农商行Ⅱ,100,100,100,100,100,100,100,100,100,90,80,70,20,10,0,0,10,10,10,20,20,30,40,80,50,90,80,60,70
801784.SI,城商行Ⅱ,100,100,100,100,100,100,100,100,100,88,76,76,29,47,41,29,35,29,29,41,64,76,76,82,70,88,70,58,70
801783.SI,股份制银行Ⅱ,100,100,100,100,100,100,100,100,100,100,88,77,44,77,22,11,33,22,11,11,33,33,22,66,44,77,33,33,55
801782.SI,国有大型银行Ⅱ,100,100,100,100,100,100,100,100,100,33,0,0,0,0,0,0,16,0,0,50,83,83,83,100,100,100,100,100,100
801994.SI,教育,29,47,29,47,52,76,82,94,94,94,94,100,100,100,100,100,94,88,88,92,41,35,35,23,41,35,23,29,52
801993.SI,旅游及景区,28,52,8,48,68,72,76,84,92,96,96,96,92,100,96,100,92,84,76,76,44,80,68,52,84,88,88,96,96
801219.SI,酒店餐饮,44,66,11,88,88,88,88,88,100,100,100,100,88,100,100,100,100,88,77,77,44,88,55,22,88,88,88,100,77
801218.SI,专业服务,17,24,13,20,27,41,48,62,65,82,89,93,89,93,93,93,93,86,89,86,44,55,48,41,48,48,65,58,68
801217.SI,本地生活服务Ⅱ,0,0,0,0,0,0,0,0,0,0,0,0,0,0,0,0,0,0,0,0,0,0,0,0,0,0,0,0,0
801216.SI,体育Ⅱ,0,100,50,50,50,100,100,100,100,100,100,100,100,100,100,100,100,100,100,50,50,50,50,0,50,100,100,100,100
801207.SI,旅游零售Ⅱ,100,100,50,100,100,100,100,100,100,100,100,100,100,100,50,50,50,0,0,0,0,0,0,0,0,0,50,50,0
801206.SI,互联网电商,33,50,22,61,50,61,55,77,77,77,83,94,94,94,88,94,94,77,66,73,16,50,38,38,44,38,44,50,77
801204.SI,专业连锁Ⅱ,42,57,14,42,42,85,100,100,100,100,100,100,85,85,100,100,71,57,57,57,28,28,28,28,42,42,42,57,57
801203.SI,一般零售,33,53,11,35,58,85,83,85,93,91,93,91,85,96,95,98,88,76,83,87,51,70,48,36,71,73,66,90,70
801202.SI,贸易Ⅱ,16,41,25,50,50,83,83,91,91,100,100,100,91,91,91,91,83,83,91,83,58,83,58,33,66,75,91,83,66
801183.SI,房地产服务,25,41,16,50,58,83,75,83,91,91,100,91,91,100,91,100,83,75,83,87,66,83,66,41,100,100,91,100,91
801181.SI,房地产开发,31,48,16,51,56,71,66,75,79,82,91,92,89,91,90,95,92,81,84,82,42,77,57,37,60,77,71,77,68
801992.SI,航运港口,70,85,76,88,88,91,94,94,97,97,97,91,64,76,61,67,58,44,58,64,58,58,58,64,73,79,73,85,82
801991.SI,航空机场,33,66,41,58,66,100,100,100,100,100,100,91,66,66,25,33,16,0,16,8,0,8,0,0,8,16,8,33,25
801179.SI,铁路公路,72,78,54,69,75,90,87,93,93,87,72,63,42,60,42,54,36,30,42,39,21,24,18,21,57,72,63,72,75
801178.SI,物流,34,42,25,40,53,70,68,80,82,82,82,80,78,87,82,82,80,74,78,74,48,63,65,46,65,74,72,78,74
801163.SI,燃气Ⅱ,53,64,50,57,46,64,57,75,82,85,92,85,67,92,85,71,67,64,71,75,50,57,53,53,71,71,57,78,85
801161.SI,电力,77,85,55,70,61,85,69,85,88,89,87,80,73,77,69,66,55,33,31,24,14,17,11,16,22,33,29,33,29
801156.SI,医疗服务,50,52,27,49,47,49,37,47,47,72,82,74,98,100,98,98,96,98,96,84,78,92,82,54,62,47,41,21,9
801153.SI,医疗器械,29,31,17,30,29,43,44,59,71,79,83,75,89,87,86,88,90,89,87,86,55,84,64,37,52,53,48,44,37
801154.SI,医药商业,46,62,25,53,50,65,62,78,87,90,68,65,81,87,90,84,90,84,84,75,62,81,37,21,53,43,34,43,28
801152.SI,生物制品,47,39,15,29,27,31,33,35,45,64,64,43,90,94,94,92,94,90,86,80,60,96,72,37,49,60,50,41,31
801155.SI,中药Ⅱ,66,69,42,59,54,66,54,77,81,83,57,46,78,80,80,75,80,75,72,66,43,68,33,18,43,45,53,43,40
801151.SI,化学制药,36,40,10,26,16,29,22,34,43,55,56,52,87,88,91,91,94,89,90,87,73,91,60,34,51,46,53,40,27
801145.SI,文娱用品,5,30,5,20,20,60,50,65,85,90,95,95,90,100,95,95,95,95,95,100,55,90,75,45,80,75,60,60,70
801142.SI,家居用品,15,23,12,17,24,49,41,60,69,84,90,90,84,90,88,93,88,81,84,86,65,80,70,58,75,68,63,65,69
801141.SI,包装印刷,10,20,12,22,35,40,40,55,72,85,92,90,95,92,92,95,90,82,90,85,42,55,57,40,65,67,67,77,82
801143.SI,造纸,17,30,17,39,30,52,52,78,82,91,95,86,78,91,86,86,86,78,86,78,39,47,43,30,69,73,65,82,69
801133.SI,饰品,40,60,26,53,60,66,80,78,80,73,86,86,80,86,86,73,66,46,46,61,26,46,66,66,66,53,53,73,60
801132.SI,服装家纺,15,16,10,20,37,49,50,64,76,77,81,83,81,86,91,89,88,88,89,89,74,77,67,50,61,59,47,59,66
801131.SI,纺织制造,21,40,31,34,40,62,56,71,84,84,90,93,93,93,93,93,84,84,84,83,37,56,50,46,68,59,62,68,75
801129.SI,调味发酵品Ⅱ,50,50,42,42,64,78,78,85,92,92,100,92,78,92,78,78,71,57,64,57,42,57,35,35,35,35,35,42,35
801128.SI,休闲食品,27,31,4,13,45,81,77,86,86,81,90,90,86,95,95,95,90,72,77,89,40,54,27,22,31,27,40,50,40
801127.SI,饮料乳品,34,46,23,38,65,80,76,84,92,92,92,88,84,96,88,92,80,76,76,76,73,69,42,23,57,50,50,76,61
801126.SI,非白酒,56,62,56,56,62,75,75,93,87,87,93,81,75,81,75,81,68,56,50,50,43,50,37,37,56,50,43,56,62
801125.SI,白酒Ⅱ,78,78,52,68,84,94,100,100,100,100,100,94,94,100,89,94,89,73,36,36,15,26,5,10,21,5,10,26,15
801124.SI,食品加工,32,36,24,28,40,68,76,80,83,84,84,72,72,80,72,72,72,80,80,78,64,72,60,52,64,56,68,64,68
801117.SI,其他家电Ⅱ,0,66,0,66,100,100,100,100,100,100,100,100,100,100,100,100,100,100,100,66,33,33,33,33,66,66,33,33,66
801116.SI,家电零部件Ⅱ,6,10,3,6,10,31,24,44,55,65,82,86,93,93,93,93,86,82,89,92,51,68,72,48,72,65,68,68,75
801115.SI,照明设备Ⅱ,0,8,0,16,8,25,41,50,58,75,83,83,75,91,91,91,75,83,83,83,75,75,75,66,75,75,75,75,83
801114.SI,厨卫电器,11,22,0,22,33,55,77,88,88,88,88,77,66,88,88,88,100,100,88,66,88,77,55,33,55,55,55,66,55
801113.SI,小家电,25,30,5,25,35,65,70,80,80,85,85,85,90,90,95,95,80,70,90,77,40,60,55,30,60,50,55,55,55
801112.SI,黑色家电,22,22,11,22,22,33,44,55,55,77,77,66,66,77,88,100,88,88,88,90,44,55,44,11,55,77,100,88,100
801111.SI,白色家电,45,45,36,54,81,81,72,81,81,81,81,81,72,100,63,54,45,36,54,40,36,63,27,50,60,60,60,63,54
801096.SI,商用车,46,76,53,69,84,92,100,100,100,92,100,76,61,76,53,53,46,46,30,15,15,30,7,23,23,23,30,46,23
801095.SI,乘用车,50,75,62,75,87,100,100,100,100,87,75,75,62,62,25,37,25,12,12,20,0,25,0,0,25,12,25,50,12
801881.SI,摩托车及其他,31,56,31,62,62,75,75,81,75,81,87,82,88,88,82,76,76,70,70,76,58,64,58,70,76,64,70,58,64
801092.SI,汽车服务,22,44,11,44,55,88,88,77,88,100,100,100,100,100,100,100,66,55,66,55,22,33,44,33,66,77,88,77,88
801093.SI,汽车零部件,9,16,9,17,21,35,35,53,64,76,83,85,88,91,92,95,92,88,92,90,43,51,52,39,56,55,56,55,63
801086.SI,电子化学品Ⅱ,0,0,0,0,0,0,0,0,0,0,14,51,85,85,85,94,94,100,100,100,82,80,82,48,37,37,74,51,60
801085.SI,消费电子,9,12,9,15,16,24,17,27,35,43,59,69,89,86,87,90,89,90,91,90,51,64,70,59,67,63,76,67,79
801082.SI,其他电子Ⅱ,0,0,0,9,9,12,15,21,24,33,51,66,87,87,93,100,96,96,96,93,66,75,75,48,60,42,72,54,72
801084.SI,光学光电子,1,0,1,2,4,8,5,12,29,40,61,72,90,89,92,94,96,94,94,96,68,74,75,55,69,54,76,69,77
801083.SI,元件,1,3,1,5,3,5,1,5,8,19,36,72,91,93,93,93,96,96,96,96,73,75,81,57,57,59,78,72,85
801081.SI,半导体,6,3,4,5,1,3,0,1,0,2,11,25,55,70,77,87,82,87,96,94,64,70,70,56,48,40,78,55,67
801056.SI,能源金属,0,0,0,0,0,18,18,18,18,72,100,100,100,100,100,100,100,100,100,100,18,18,54,54,18,45,36,45,45
801054.SI,小金属,7,11,0,3,3,11,11,22,29,66,92,100,100,100,100,100,88,92,92,91,77,59,70,66,37,40,62,59,37
801053.SI,贵金属,72,100,54,72,54,81,81,100,100,100,100,100,100,100,100,100,100,100,100,100,100,100,100,100,100,100,90,90,81
801055.SI,工业金属,35,50,30,45,38,59,52,64,77,89,96,96,98,100,98,96,81,79,93,91,57,62,77,77,64,88,89,93,89
801051.SI,金属新材料,0,0,0,3,3,12,12,21,40,50,75,90,100,100,100,100,96,100,100,96,62,56,53,50,46,46,68,53,56
801045.SI,特钢Ⅱ,50,58,33,66,66,75,75,75,75,75,100,91,75,75,66,66,58,41,50,50,25,50,33,16,41,66,50,50,58
801044.SI,普钢,81,90,59,86,77,100,95,100,100,100,100,86,63,77,45,63,31,22,31,12,13,22,18,18,50,81,72,86,81
801043.SI,冶钢原料,44,55,44,55,66,66,66,77,88,100,88,88,88,100,100,100,66,66,77,66,55,55,66,77,66,66,77,88,88
801039.SI,非金属材料Ⅱ,0,0,0,0,12,12,12,12,37,50,50,62,100,100,100,100,100,100,100,100,75,87,75,62,62,62,87,87,87
801038.SI,农化制品,44,62,45,55,57,71,79,81,86,89,96,96,89,100,86,86,64,59,76,83,66,64,49,52,55,64,81,88,77
801037.SI,橡胶,0,11,0,17,17,29,29,47,64,64,82,82,100,100,100,100,100,100,100,93,70,82,76,70,70,70,76,70,76
801036.SI,塑料,4,6,4,8,9,9,12,26,38,48,63,76,87,91,93,98,94,97,100,98,65,75,76,66,73,68,79,76,77
801032.SI,化学纤维,11,30,7,23,26,61,53,65,76,80,96,96,96,96,96,92,76,73,80,72,50,50,46,42,50,61,65,76,76
801034.SI,化学制品,11,15,8,14,18,30,29,39,55,66,76,87,95,95,95,96,91,88,91,90,70,75,70,48,54,48,56,66,67
801033.SI,化学原料,36,54,35,47,49,57,64,70,77,80,89,91,92,96,87,87,75,66,77,81,54,63,64,59,70,80,87,94,87
801019.SI,农业综合Ⅱ,50,50,50,50,50,50,50,50,100,100,100,100,100,100,100,100,100,100,100,100,100,100,50,50,100,100,100,100,100
801018.SI,动物保健Ⅱ,22,33,11,22,11,33,33,66,66,66,77,77,88,100,100,100,100,100,100,100,77,88,44,33,44,33,33,33,22
801017.SI,养殖业,40,50,18,22,22,31,31,54,77,63,77,72,72,100,95,86,86,63,81,84,63,95,63,54,86,90,95,95,95
801012.SI,农产品加工,43,47,21,52,65,78,65,91,86,91,91,100,95,100,100,95,95,82,86,95,86,82,65,60,82,78,82,95,95
801014.SI,饲料,44,38,16,22,33,38,38,55,72,61,66,61,61,94,88,88,88,50,66,100,50,72,55,44,66,66,66,83,83
801011.SI,林业Ⅱ,0,0,0,25,25,50,25,75,100,100,100,100,100,100,100,100,100,100,100,100,50,75,75,75,75,75,75,75,75
801015.SI,渔业,50,66,33,66,66,100,100,100,100,100,100,100,100,100,100,100,100,100,100,100,100,100,83,83,100,100,100,100,100
801016.SI,种植业,40,65,40,50,70,75,80,85,90,90,95,100,100,100,100,95,90,65,95,95,95,95,85,85,90,90,95,95,90
avg,行业平均,31,41,25,39,42,56,55,65,72,77,81,81,82,87,83,84,78,72,75,72,46,55,50,41,54,57,59,61,63
